<?xml version = '1.0' encoding = 'UTF-8'?>
<Diagram class="oracle.dbtools.crest.swingui.relational.DPVRelationalSubView" name="From_LM_Barbershop_Logical_Model" id="125C1EAF-9805-113C-B1E4-47C20CA03793">
<createdBy>nursu</createdBy>
<modifiedBy>nursu</modifiedBy>
<createdTime>2018-04-22 07:46:56 UTC</createdTime>
<autoRoute>false</autoRoute>
<boxInbox>true</boxInbox>
<showLegend>false</showLegend>
<showLabels>false</showLabels>
<showRelAttributes>false</showRelAttributes>
<gridEnabled>false</gridEnabled>
<showGrid>false</showGrid>
<diagramColor>-1</diagramColor>
<display>false</display>
<generatorId>B7D52BB0-14B8-89D9-9876-93243ADE528E</generatorId>
<notation>1</notation>
<objectViews>
<OView class="oracle.dbtools.crest.swingui.relational.TVTable" oid="255C1588-8611-8438-B301-9A467F65F420" otype="Table" vid="FE13EAE8-F5D5-0548-BBA7-9FF15AA4FC08">
<hideElementsInCurrentOnly>false</hideElementsInCurrentOnly>
<bounds x="385" y="286" width="170" height="110"/>
<generatorID>FF91FCB6-AE1F-DA69-7F09-087E7FAD0617</generatorID>
</OView>
<OView class="oracle.dbtools.crest.swingui.relational.TVTable" oid="78DF4073-E7AE-90E9-5566-C7C05BA20232" otype="Table" vid="66478201-4420-A888-6B17-5654B5558C1B">
<hideElementsInCurrentOnly>false</hideElementsInCurrentOnly>
<bounds x="49" y="35" width="170" height="110"/>
<generatorID>4AA5B571-8CDD-DD59-DA86-D67FD98EE61A</generatorID>
</OView>
<OView class="oracle.dbtools.crest.swingui.relational.TVTable" oid="85999417-0E3F-3471-95A4-7F6903F59215" otype="Table" vid="24B0BA04-DF96-4DD9-5BD4-3E337A27B925">
<hideElementsInCurrentOnly>false</hideElementsInCurrentOnly>
<bounds x="39" y="482" width="170" height="110"/>
<generatorID>322410CE-4C6F-071C-3026-309621D1C4D1</generatorID>
</OView>
<OView class="oracle.dbtools.crest.swingui.relational.TVTable" oid="A4CFD854-451D-6C8B-EAB3-35F74E80762A" otype="Table" vid="321D781D-94D9-3E2B-C672-7E1429DB1554">
<hideElementsInCurrentOnly>false</hideElementsInCurrentOnly>
<bounds x="295" y="501" width="170" height="110"/>
<generatorID>49F1A4C6-530D-1BC4-E5E2-ECEF2997D7C7</generatorID>
</OView>
<OView class="oracle.dbtools.crest.swingui.relational.TVTable" oid="E1389C76-3FA8-182F-CF6D-560A6097CA6F" otype="Table" vid="42B9966C-0F4F-F38F-5051-1CB6F27ED701">
<hideElementsInCurrentOnly>false</hideElementsInCurrentOnly>
<bounds x="944" y="24" width="170" height="178"/>
<generatorID>BF1E55EF-87C0-EC0C-FE15-F493BD27494F</generatorID>
</OView>
<OView class="oracle.dbtools.crest.swingui.relational.TVTable" oid="F2C6E456-1EAB-8657-89C0-471A97CAB8E3" otype="Table" vid="DD61DF67-972D-BC95-BB79-4300810DEFA0">
<hideElementsInCurrentOnly>false</hideElementsInCurrentOnly>
<bounds x="521" y="498" width="170" height="110"/>
<generatorID>111FF88C-D9C9-46C1-1DAE-29D4E673DA15</generatorID>
</OView>
<OView class="oracle.dbtools.crest.swingui.relational.TVTable" oid="F95BB66F-E8C6-306E-969E-34D586D28D08" otype="Table" vid="C1AD76CA-F51C-2007-6775-77E79E06C910">
<hideElementsInCurrentOnly>false</hideElementsInCurrentOnly>
<bounds x="629" y="286" width="170" height="110"/>
<generatorID>2AFB07BF-9872-FAA2-BB9A-B76C0053F3D1</generatorID>
</OView>
<OView class="oracle.dbtools.crest.swingui.relational.TVTable" oid="F97D3ABD-1EAA-9381-5D52-84227F6953EF" otype="Table" vid="EF999DF6-AD31-ED03-BE8B-62D0D766FC3D">
<hideElementsInCurrentOnly>false</hideElementsInCurrentOnly>
<bounds x="478" y="28" width="227" height="110"/>
<generatorID>00D6CA3D-03A2-75C6-8DA8-9399859989D1</generatorID>
</OView>
</objectViews>
<connectors>
<Connector class="oracle.dbtools.crest.swingui.relational.TVFKRelation" oid="2608A669-F177-B964-C551-86E8C1EEF38D" otype="FKIndexAssociation" vid_source="FE13EAE8-F5D5-0548-BBA7-9FF15AA4FC08" vid_target="DD61DF67-972D-BC95-BB79-4300810DEFA0">
<hideElementsInCurrentOnly>false</hideElementsInCurrentOnly>
<backgroundColor>-16777216</backgroundColor>
<lineWidth>1</lineWidth>
<points>
<point x="525" y="396"/>
<point x="525" y="608"/>
</points>
</Connector>
<Connector class="oracle.dbtools.crest.swingui.relational.TVFKRelation" oid="85C821AA-D339-BB02-09DA-219FF77CBC40" otype="FKIndexAssociation" vid_source="FE13EAE8-F5D5-0548-BBA7-9FF15AA4FC08" vid_target="321D781D-94D9-3E2B-C672-7E1429DB1554">
<hideElementsInCurrentOnly>false</hideElementsInCurrentOnly>
<backgroundColor>-16777216</backgroundColor>
<lineWidth>1</lineWidth>
<points>
<point x="412" y="396"/>
<point x="412" y="611"/>
</points>
</Connector>
<Connector class="oracle.dbtools.crest.swingui.relational.TVFKRelation" oid="C7F00176-B3AC-0624-93B9-404AAAA80479" otype="FKIndexAssociation" vid_source="FE13EAE8-F5D5-0548-BBA7-9FF15AA4FC08" vid_target="EF999DF6-AD31-ED03-BE8B-62D0D766FC3D">
<hideElementsInCurrentOnly>false</hideElementsInCurrentOnly>
<backgroundColor>-16777216</backgroundColor>
<lineWidth>1</lineWidth>
<points>
<point x="385" y="287"/>
<point x="478" y="138"/>
</points>
</Connector>
<Connector class="oracle.dbtools.crest.swingui.relational.TVFKRelation" oid="EF149F5F-561B-687F-FBC9-71477656D3DC" otype="FKIndexAssociation" vid_source="42B9966C-0F4F-F38F-5051-1CB6F27ED701" vid_target="EF999DF6-AD31-ED03-BE8B-62D0D766FC3D">
<hideElementsInCurrentOnly>false</hideElementsInCurrentOnly>
<backgroundColor>-16777216</backgroundColor>
<lineWidth>1</lineWidth>
</Connector>
<Connector class="oracle.dbtools.crest.swingui.relational.TVFKRelation" oid="F9B4C067-1E39-D9DF-F014-8FE7457367D0" otype="FKIndexAssociation" vid_source="66478201-4420-A888-6B17-5654B5558C1B" vid_target="EF999DF6-AD31-ED03-BE8B-62D0D766FC3D">
<hideElementsInCurrentOnly>false</hideElementsInCurrentOnly>
<backgroundColor>-16777216</backgroundColor>
<lineWidth>1</lineWidth>
<points>
<point x="219" y="122"/>
<point x="478" y="122"/>
</points>
</Connector>
<Connector class="oracle.dbtools.crest.swingui.relational.TVFKRelation" oid="FEAC4BE9-C8B5-B19E-39F2-F8E6851CE4F7" otype="FKIndexAssociation" vid_source="C1AD76CA-F51C-2007-6775-77E79E06C910" vid_target="EF999DF6-AD31-ED03-BE8B-62D0D766FC3D">
<hideElementsInCurrentOnly>false</hideElementsInCurrentOnly>
<backgroundColor>-16777216</backgroundColor>
<lineWidth>1</lineWidth>
<points>
<point x="629" y="311"/>
<point x="478" y="138"/>
</points>
</Connector>
</connectors>
</Diagram>