<?xml version = '1.0' encoding = 'UTF-8'?>
<Entity class="oracle.dbtools.crest.model.design.logical.Entity" directorySegmentName="seg_0" id="102E3A3F-6478-0B27-C62C-BBB5074D268A" name="Branch">
<createdBy>nursu</createdBy>
<createdTime>2018-04-20 16:40:56 UTC</createdTime>
<ownerDesignName>Barbershop</ownerDesignName>
<engineerTo>
<item key="F482A4B5-83A7-51C2-15C8-7A69CA016E9D" value="true"/>
</engineerTo>
<adequatelyNormalized>NO</adequatelyNormalized>
<expectedVolumes>0</expectedVolumes>
<fwdEngineeringStrategyName>Single Table</fwdEngineeringStrategyName>
<growthPercent>0</growthPercent>
<growthType>Year</growthType>
<maxVolumes>9999999</maxVolumes>
<minVolumes>0</minVolumes>
<normalForm>Third</normalForm>
<attributes itemClass="oracle.dbtools.crest.model.design.logical.Attribute">
<Attribute name="b id" id="865327ED-651B-0234-7A10-D9E193D3908F">
<createdBy>nursu</createdBy>
<createdTime>2018-04-20 18:55:29 UTC</createdTime>
<ownerDesignName>Barbershop</ownerDesignName>
<engineerTo>
<item key="F482A4B5-83A7-51C2-15C8-7A69CA016E9D" value="true"/>
</engineerTo>
<useDomainConstraints>false</useDomainConstraints>
<use>1</use>
<logicalDatatype>LOGDT011</logicalDatatype>
<ownDataTypeParameters>,,</ownDataTypeParameters>
</Attribute>
<Attribute name="b contract" id="AD9CBEC0-6C55-5CA6-B9A4-B3539927CCBD">
<createdBy>nursu</createdBy>
<createdTime>2018-04-20 18:55:52 UTC</createdTime>
<ownerDesignName>Barbershop</ownerDesignName>
<engineerTo>
<item key="F482A4B5-83A7-51C2-15C8-7A69CA016E9D" value="true"/>
</engineerTo>
<nullsAllowed>true</nullsAllowed>
<useDomainConstraints>false</useDomainConstraints>
<use>1</use>
<logicalDatatype>LOGDT024</logicalDatatype>
<dataTypeSize>30</dataTypeSize>
<ownDataTypeParameters>30,,</ownDataTypeParameters>
</Attribute>
<Attribute name="pay date" id="82439754-F99D-F4F8-CD82-48A3CA674BB9">
<createdBy>nursu</createdBy>
<createdTime>2018-04-20 18:56:35 UTC</createdTime>
<ownerDesignName>Barbershop</ownerDesignName>
<engineerTo>
<item key="F482A4B5-83A7-51C2-15C8-7A69CA016E9D" value="true"/>
</engineerTo>
<useDomainConstraints>false</useDomainConstraints>
<use>1</use>
<logicalDatatype>LOGDT007</logicalDatatype>
<ownDataTypeParameters>,,</ownDataTypeParameters>
</Attribute>
<Attribute name="b requis" id="756794D7-8374-21E5-9744-C7B7B456E541">
<createdBy>nursu</createdBy>
<createdTime>2018-04-20 18:57:08 UTC</createdTime>
<ownerDesignName>Barbershop</ownerDesignName>
<engineerTo>
<item key="F482A4B5-83A7-51C2-15C8-7A69CA016E9D" value="true"/>
</engineerTo>
<useDomainConstraints>false</useDomainConstraints>
<use>1</use>
<logicalDatatype>LOGDT024</logicalDatatype>
<dataTypeSize>30</dataTypeSize>
<ownDataTypeParameters>30,,</ownDataTypeParameters>
</Attribute>
<Attribute name="b address" id="0FC7389C-BC28-D805-87F6-0A7209168645">
<createdBy>nursu</createdBy>
<createdTime>2018-04-20 20:05:04 UTC</createdTime>
<ownerDesignName>Barbershop</ownerDesignName>
<engineerTo>
<item key="F482A4B5-83A7-51C2-15C8-7A69CA016E9D" value="true"/>
</engineerTo>
<useDomainConstraints>false</useDomainConstraints>
<use>1</use>
<logicalDatatype>LOGDT024</logicalDatatype>
<dataTypeSize>30 CHAR</dataTypeSize>
<ownDataTypeParameters>30 CHAR,,</ownDataTypeParameters>
</Attribute>
</attributes>
<identifiers itemClass="oracle.dbtools.crest.model.design.logical.CandidateKey">
<identifier id="B8CBA201-1ABD-D679-F5D2-E4B8987EBFD1" name="Branch PK">
<createdBy>nursu</createdBy>
<createdTime>2018-04-20 18:55:42 UTC</createdTime>
<ownerDesignName>Barbershop</ownerDesignName>
<shouldEngineer>false</shouldEngineer>
<engineerTo>
<item key="F482A4B5-83A7-51C2-15C8-7A69CA016E9D" value="false"/>
</engineerTo>
<pk>true</pk>
<usedAttributes>
<attributeRef>865327ED-651B-0234-7A10-D9E193D3908F</attributeRef>
</usedAttributes>
</identifier>
</identifiers>
</Entity>