<?xml version = '1.0' encoding = 'UTF-8'?>
<Entity class="oracle.dbtools.crest.model.design.logical.Entity" directorySegmentName="seg_0" id="2B40F27E-672D-5A12-C89C-A067350A389A" name="Reservation">
<createdBy>nursu</createdBy>
<createdTime>2018-04-20 16:39:21 UTC</createdTime>
<ownerDesignName>Barbershop</ownerDesignName>
<engineerTo>
<item key="F482A4B5-83A7-51C2-15C8-7A69CA016E9D" value="true"/>
</engineerTo>
<adequatelyNormalized>NO</adequatelyNormalized>
<expectedVolumes>0</expectedVolumes>
<fwdEngineeringStrategyName>Single Table</fwdEngineeringStrategyName>
<growthPercent>0</growthPercent>
<growthType>Year</growthType>
<maxVolumes>9999999</maxVolumes>
<minVolumes>0</minVolumes>
<normalForm>Third</normalForm>
<attributes itemClass="oracle.dbtools.crest.model.design.logical.Attribute">
<Attribute name="reserv id" id="6C6DBF44-8840-D0A7-9F40-AA7024015F70">
<createdBy>nursu</createdBy>
<createdTime>2018-04-22 07:44:15 UTC</createdTime>
<ownerDesignName>Barbershop</ownerDesignName>
<engineerTo>
<item key="F482A4B5-83A7-51C2-15C8-7A69CA016E9D" value="true"/>
</engineerTo>
<useDomainConstraints>false</useDomainConstraints>
<use>1</use>
<logicalDatatype>LOGDT011</logicalDatatype>
<ownDataTypeParameters>,,</ownDataTypeParameters>
</Attribute>
<Attribute name="reserv_date" id="F6EE0FD6-28A7-166E-BB76-CF04C0C7BD68">
<createdBy>nursu</createdBy>
<createdTime>2018-04-20 16:40:02 UTC</createdTime>
<ownerDesignName>Barbershop</ownerDesignName>
<engineerTo>
<item key="F482A4B5-83A7-51C2-15C8-7A69CA016E9D" value="true"/>
</engineerTo>
<useDomainConstraints>false</useDomainConstraints>
<use>1</use>
<logicalDatatype>LOGDT008</logicalDatatype>
<ownDataTypeParameters>,,</ownDataTypeParameters>
</Attribute>
<Attribute name="Branch b id" id="51E7058E-39F6-4A1D-C435-E2B1A88BC11D">
<createdBy>nursu</createdBy>
<createdTime>2018-04-20 18:55:44 UTC</createdTime>
<generatorID>96AFF55B-094C-33E9-6757-9C338A2EE30F</generatorID>
<ownerDesignName>Barbershop</ownerDesignName>
<engineerTo>
<item key="F482A4B5-83A7-51C2-15C8-7A69CA016E9D" value="true"/>
</engineerTo>
<referedAttribute>865327ED-651B-0234-7A10-D9E193D3908F</referedAttribute>
<useDomainConstraints>false</useDomainConstraints>
<use>1</use>
<logicalDatatype>LOGDT011</logicalDatatype>
<ownDataTypeParameters>,,</ownDataTypeParameters>
</Attribute>
<Attribute name="employee id" id="B5B91854-51CC-A9EB-C3DD-7C507D02657D">
<createdBy>nursu</createdBy>
<createdTime>2018-04-20 19:28:46 UTC</createdTime>
<generatorID>D0FBE84D-A7FE-7515-D7B3-F1043A37F9E6</generatorID>
<ownerDesignName>Barbershop</ownerDesignName>
<engineerTo>
<item key="F482A4B5-83A7-51C2-15C8-7A69CA016E9D" value="true"/>
</engineerTo>
<referedAttribute>3D59D21B-E575-5E07-01A8-4579825E5771</referedAttribute>
<useDomainConstraints>false</useDomainConstraints>
<use>1</use>
<logicalDatatype>LOGDT011</logicalDatatype>
<ownDataTypeParameters>,,</ownDataTypeParameters>
</Attribute>
<Attribute name="service_price" id="3D7B3DB0-8E10-C260-D432-304B49FA98AB">
<createdBy>nursu</createdBy>
<createdTime>2018-05-25 12:24:56 UTC</createdTime>
<ownerDesignName>Barbershop</ownerDesignName>
<engineerTo>
<item key="F482A4B5-83A7-51C2-15C8-7A69CA016E9D" value="true"/>
</engineerTo>
<useDomainConstraints>false</useDomainConstraints>
<use>1</use>
<logicalDatatype>LOGDT043</logicalDatatype>
<ownDataTypeParameters>,,</ownDataTypeParameters>
</Attribute>
<Attribute name="reserv date" id="A6BEC6DD-89C9-879C-78AC-DD9CB005C9B8">
<createdBy>nursu</createdBy>
<createdTime>2018-05-25 12:48:52 UTC</createdTime>
<generatorID>3773DD33-E21A-35A5-B9DB-51E38AD1A0FF</generatorID>
<ownerDesignName>Barbershop</ownerDesignName>
<engineerTo>
<item key="F482A4B5-83A7-51C2-15C8-7A69CA016E9D" value="true"/>
</engineerTo>
<nullsAllowed>true</nullsAllowed>
<useDomainConstraints>false</useDomainConstraints>
<use>1</use>
<logicalDatatype>LOGDT007</logicalDatatype>
<ownDataTypeParameters>,,</ownDataTypeParameters>
</Attribute>
<Attribute name="service price" id="C0854BA3-96F8-F7A0-D33F-F5D61CBDE62A">
<createdBy>nursu</createdBy>
<createdTime>2018-05-25 12:48:52 UTC</createdTime>
<generatorID>A5DFD2E8-F6C4-0938-AEE4-00895006A3AC</generatorID>
<ownerDesignName>Barbershop</ownerDesignName>
<engineerTo>
<item key="F482A4B5-83A7-51C2-15C8-7A69CA016E9D" value="true"/>
</engineerTo>
<useDomainConstraints>false</useDomainConstraints>
<use>1</use>
<logicalDatatype>LOGDT043</logicalDatatype>
<ownDataTypeParameters>,,</ownDataTypeParameters>
</Attribute>
<Attribute name="Service service id" id="DA597CC2-5B78-31BB-614B-AF60BED484E4">
<createdBy>nursu</createdBy>
<createdTime>2018-05-25 12:48:52 UTC</createdTime>
<generatorID>E6461A8A-BBAF-D737-05FB-21CAC1B8BC8A</generatorID>
<ownerDesignName>Barbershop</ownerDesignName>
<engineerTo>
<item key="F482A4B5-83A7-51C2-15C8-7A69CA016E9D" value="true"/>
</engineerTo>
<referedAttribute>519E0794-E38F-2221-F3B3-7AD052BC585A</referedAttribute>
<useDomainConstraints>false</useDomainConstraints>
<use>1</use>
<logicalDatatype>LOGDT011</logicalDatatype>
<ownDataTypeParameters>,,</ownDataTypeParameters>
</Attribute>
<Attribute name="c_id" id="BE66EBF7-AE89-205B-3B8B-7F0E6CA20A35">
<createdBy>nursu</createdBy>
<createdTime>2018-05-28 00:20:29 UTC</createdTime>
<generatorID>48184F14-F1EA-311D-B57B-D4A428185F71</generatorID>
<ownerDesignName>Barbershop</ownerDesignName>
<engineerTo>
<item key="F482A4B5-83A7-51C2-15C8-7A69CA016E9D" value="true"/>
</engineerTo>
<referedAttribute>C9200EDD-5124-9A65-8E5F-8F024FC50B44</referedAttribute>
<useDomainConstraints>false</useDomainConstraints>
<use>1</use>
<logicalDatatype>LOGDT011</logicalDatatype>
<ownDataTypeParameters>,,</ownDataTypeParameters>
</Attribute>
</attributes>
<identifiers itemClass="oracle.dbtools.crest.model.design.logical.CandidateKey">
<identifier id="66F1C80D-B43B-0F90-8900-B9F38EE98907" name="Reservation PK">
<createdBy>nursu</createdBy>
<createdTime>2018-04-22 07:42:52 UTC</createdTime>
<ownerDesignName>Barbershop</ownerDesignName>
<engineerTo>
<item key="F482A4B5-83A7-51C2-15C8-7A69CA016E9D" value="true"/>
</engineerTo>
<pk>true</pk>
<usedAttributes>
<attributeRef>6C6DBF44-8840-D0A7-9F40-AA7024015F70</attributeRef>
</usedAttributes>
</identifier>
</identifiers>
</Entity>