<?xml version = '1.0' encoding = 'UTF-8'?>
<Entity class="oracle.dbtools.crest.model.design.logical.Entity" directorySegmentName="seg_0" id="6E2105FF-E869-A66B-2538-E40865A19BDA" name="Employee">
<createdBy>nursu</createdBy>
<createdTime>2018-04-20 19:20:28 UTC</createdTime>
<ownerDesignName>Barbershop</ownerDesignName>
<engineerTo>
<item key="F482A4B5-83A7-51C2-15C8-7A69CA016E9D" value="true"/>
</engineerTo>
<adequatelyNormalized>NO</adequatelyNormalized>
<expectedVolumes>0</expectedVolumes>
<fwdEngineeringStrategyName>Single Table</fwdEngineeringStrategyName>
<growthPercent>0</growthPercent>
<growthType>Year</growthType>
<maxVolumes>9999999</maxVolumes>
<minVolumes>0</minVolumes>
<normalForm>Third</normalForm>
<attributes itemClass="oracle.dbtools.crest.model.design.logical.Attribute">
<Attribute name="employee id" id="3D59D21B-E575-5E07-01A8-4579825E5771">
<createdBy>nursu</createdBy>
<createdTime>2018-04-20 19:20:38 UTC</createdTime>
<ownerDesignName>Barbershop</ownerDesignName>
<engineerTo>
<item key="F482A4B5-83A7-51C2-15C8-7A69CA016E9D" value="true"/>
</engineerTo>
<useDomainConstraints>false</useDomainConstraints>
<use>1</use>
<logicalDatatype>LOGDT011</logicalDatatype>
<ownDataTypeParameters>,,</ownDataTypeParameters>
</Attribute>
<Attribute name="e fullname" id="A1FA8613-F720-8A9A-007A-DA78C49478E1">
<createdBy>nursu</createdBy>
<createdTime>2018-04-20 19:20:54 UTC</createdTime>
<ownerDesignName>Barbershop</ownerDesignName>
<engineerTo>
<item key="F482A4B5-83A7-51C2-15C8-7A69CA016E9D" value="true"/>
</engineerTo>
<useDomainConstraints>false</useDomainConstraints>
<use>1</use>
<logicalDatatype>LOGDT025</logicalDatatype>
<dataTypeSize>40 CHAR</dataTypeSize>
<ownDataTypeParameters>40 CHAR,,</ownDataTypeParameters>
</Attribute>
</attributes>
<identifiers itemClass="oracle.dbtools.crest.model.design.logical.CandidateKey">
<identifier id="7E098FEE-9746-B9A6-D2D6-84F0D410308B" name="Employee PK">
<createdBy>nursu</createdBy>
<createdTime>2018-04-20 19:20:49 UTC</createdTime>
<ownerDesignName>Barbershop</ownerDesignName>
<shouldEngineer>false</shouldEngineer>
<engineerTo>
<item key="F482A4B5-83A7-51C2-15C8-7A69CA016E9D" value="false"/>
</engineerTo>
<pk>true</pk>
<usedAttributes>
<attributeRef>3D59D21B-E575-5E07-01A8-4579825E5771</attributeRef>
</usedAttributes>
</identifier>
</identifiers>
</Entity>