<?xml version = '1.0' encoding = 'UTF-8'?>
<Entity class="oracle.dbtools.crest.model.design.logical.Entity" directorySegmentName="seg_0" id="CAFA219E-B054-9361-6F86-8CBF7884A04F" name="Goods">
<createdBy>nursu</createdBy>
<createdTime>2018-04-20 17:43:02 UTC</createdTime>
<ownerDesignName>Barbershop</ownerDesignName>
<engineerTo>
<item key="F482A4B5-83A7-51C2-15C8-7A69CA016E9D" value="true"/>
</engineerTo>
<adequatelyNormalized>NO</adequatelyNormalized>
<expectedVolumes>0</expectedVolumes>
<fwdEngineeringStrategyName>Single Table</fwdEngineeringStrategyName>
<growthPercent>0</growthPercent>
<growthType>Year</growthType>
<maxVolumes>9999999</maxVolumes>
<minVolumes>0</minVolumes>
<normalForm>Third</normalForm>
<attributes itemClass="oracle.dbtools.crest.model.design.logical.Attribute">
<Attribute name="goods id" id="7E41F580-9379-9361-75BF-E01695D2E6B1">
<createdBy>nursu</createdBy>
<createdTime>2018-05-23 16:04:57 UTC</createdTime>
<ownerDesignName>Barbershop</ownerDesignName>
<engineerTo>
<item key="F482A4B5-83A7-51C2-15C8-7A69CA016E9D" value="true"/>
</engineerTo>
<useDomainConstraints>false</useDomainConstraints>
<use>1</use>
<logicalDatatype>LOGDT011</logicalDatatype>
<ownDataTypeParameters>,,</ownDataTypeParameters>
</Attribute>
<Attribute name="g name" id="09F30546-AB42-4416-268E-11E3F64B72C3">
<createdBy>nursu</createdBy>
<createdTime>2018-04-20 18:58:36 UTC</createdTime>
<ownerDesignName>Barbershop</ownerDesignName>
<engineerTo>
<item key="F482A4B5-83A7-51C2-15C8-7A69CA016E9D" value="true"/>
</engineerTo>
<useDomainConstraints>false</useDomainConstraints>
<use>1</use>
<logicalDatatype>LOGDT025</logicalDatatype>
<dataTypeSize>30 CHAR</dataTypeSize>
<ownDataTypeParameters>30 CHAR,,</ownDataTypeParameters>
</Attribute>
<Attribute name="receipt price" id="2337C312-A854-2A51-C834-68762E807D5F">
<createdBy>nursu</createdBy>
<createdTime>2018-04-20 19:00:39 UTC</createdTime>
<ownerDesignName>Barbershop</ownerDesignName>
<engineerTo>
<item key="F482A4B5-83A7-51C2-15C8-7A69CA016E9D" value="true"/>
</engineerTo>
<useDomainConstraints>false</useDomainConstraints>
<use>1</use>
<logicalDatatype>LOGDT043</logicalDatatype>
<ownDataTypeParameters>,,</ownDataTypeParameters>
</Attribute>
<Attribute name="sold price" id="B0977A39-85DB-2558-DB33-B4906BAAEC18">
<createdBy>nursu</createdBy>
<createdTime>2018-04-20 19:01:17 UTC</createdTime>
<ownerDesignName>Barbershop</ownerDesignName>
<engineerTo>
<item key="F482A4B5-83A7-51C2-15C8-7A69CA016E9D" value="true"/>
</engineerTo>
<useDomainConstraints>false</useDomainConstraints>
<use>1</use>
<logicalDatatype>LOGDT043</logicalDatatype>
<ownDataTypeParameters>,,</ownDataTypeParameters>
</Attribute>
<Attribute name="receipt_date" id="C17FA4CF-F9E7-AFE7-AED4-FE84A937DD09">
<createdBy>nursu</createdBy>
<createdTime>2018-05-25 12:15:25 UTC</createdTime>
<ownerDesignName>Barbershop</ownerDesignName>
<engineerTo>
<item key="F482A4B5-83A7-51C2-15C8-7A69CA016E9D" value="true"/>
</engineerTo>
<useDomainConstraints>false</useDomainConstraints>
<use>1</use>
<logicalDatatype>LOGDT007</logicalDatatype>
<ownDataTypeParameters>,,</ownDataTypeParameters>
</Attribute>
<Attribute name="sold_date" id="81A86C8F-74C3-5CDB-8E1F-C8F0CCD26B37">
<createdBy>nursu</createdBy>
<createdTime>2018-05-25 12:15:35 UTC</createdTime>
<ownerDesignName>Barbershop</ownerDesignName>
<engineerTo>
<item key="F482A4B5-83A7-51C2-15C8-7A69CA016E9D" value="true"/>
</engineerTo>
<useDomainConstraints>false</useDomainConstraints>
<use>1</use>
<logicalDatatype>LOGDT007</logicalDatatype>
<ownDataTypeParameters>,,</ownDataTypeParameters>
</Attribute>
<Attribute name="receipt date" id="128EFE1D-3218-0F09-FC2A-6DD5F72EC54C">
<createdBy>nursu</createdBy>
<createdTime>2018-05-25 12:48:52 UTC</createdTime>
<generatorID>BEBD35D2-B9F8-10C9-EA8C-AFD27890F6F5</generatorID>
<ownerDesignName>Barbershop</ownerDesignName>
<engineerTo>
<item key="F482A4B5-83A7-51C2-15C8-7A69CA016E9D" value="true"/>
</engineerTo>
<useDomainConstraints>false</useDomainConstraints>
<use>1</use>
<logicalDatatype>LOGDT007</logicalDatatype>
<ownDataTypeParameters>,,</ownDataTypeParameters>
</Attribute>
<Attribute name="sold date" id="7F29A821-C19C-350A-A8A3-44EB66B76ECB">
<createdBy>nursu</createdBy>
<createdTime>2018-05-25 12:48:52 UTC</createdTime>
<generatorID>A5D436DB-A1E0-D3F0-6D88-C9CD8F42280A</generatorID>
<ownerDesignName>Barbershop</ownerDesignName>
<engineerTo>
<item key="F482A4B5-83A7-51C2-15C8-7A69CA016E9D" value="true"/>
</engineerTo>
<useDomainConstraints>false</useDomainConstraints>
<use>1</use>
<logicalDatatype>LOGDT007</logicalDatatype>
<ownDataTypeParameters>,,</ownDataTypeParameters>
</Attribute>
</attributes>
<identifiers itemClass="oracle.dbtools.crest.model.design.logical.CandidateKey">
<identifier id="91A59FBD-ED4F-312D-8241-1CA99F694F54" name="Goods PK">
<createdBy>nursu</createdBy>
<createdTime>2018-04-20 18:58:51 UTC</createdTime>
<ownerDesignName>Barbershop</ownerDesignName>
<shouldEngineer>false</shouldEngineer>
<engineerTo>
<item key="F482A4B5-83A7-51C2-15C8-7A69CA016E9D" value="false"/>
</engineerTo>
<pk>true</pk>
<usedAttributes>
<attributeRef>7E41F580-9379-9361-75BF-E01695D2E6B1</attributeRef>
</usedAttributes>
</identifier>
</identifiers>
</Entity>