<?xml version = '1.0' encoding = 'UTF-8'?>
<Relation class="oracle.dbtools.crest.model.design.logical.Relation" name="Reservation Service FK" directorySegmentName="seg_0" id="E6461A8A-BBAF-D737-05FB-21CAC1B8BC8A">
<createdBy>nursu</createdBy>
<createdTime>2018-04-20 19:28:56 UTC</createdTime>
<ownerDesignName>Barbershop</ownerDesignName>
<engineerTo>
<item key="F482A4B5-83A7-51C2-15C8-7A69CA016E9D" value="true"/>
</engineerTo>
<sourcePk>F69A3B28-5A87-C606-7A84-69B658F62290</sourcePk>
<identifying>false</identifying>
<nameOnSource>which_service_is_reserved</nameOnSource>
<optionalSource>true</optionalSource>
<optionalTarget>false</optionalTarget>
<sourceCardinality>1</sourceCardinality>
<sourceEntity>0A5130D2-3FCE-7516-045D-EB81B157FDEA</sourceEntity>
<targetCardinalityString>*</targetCardinalityString>
<targetEntity>2B40F27E-672D-5A12-C89C-A067350A389A</targetEntity>
<transferable>true</transferable>
<deleteRule>NO ACTION</deleteRule>
</Relation>