<?xml version = '1.0' encoding = 'UTF-8'?>
<relationalModel class="oracle.dbtools.crest.model.design.relational.RelationalDesign" name="Relational_1" id="F482A4B5-83A7-51C2-15C8-7A69CA016E9D" mainViewID="1C87E146-2F59-FC2A-2E10-236E4626A292">
<createdBy>nursu</createdBy>
<createdTime>2018-04-20 16:38:32 UTC</createdTime>
<ownerDesignName>Barbershop</ownerDesignName>
<shouldBeOpen>true</shouldBeOpen>
<selectedRDBMSSite>32076570-2523-435C-2E92-BF29817DFF70</selectedRDBMSSite>
<useTemplateTable>true</useTemplateTable>
</relationalModel>