<?xml version = '1.0' encoding = 'UTF-8'?>
<Table class="oracle.dbtools.crest.model.design.relational.Table" directorySegmentName="seg_0" id="255C1588-8611-8438-B301-9A467F65F420" name="Employee">
<createdBy>nursu</createdBy>
<createdTime>2018-04-20 19:43:43 UTC</createdTime>
<generatorID>6E2105FF-E869-A66B-2538-E40865A19BDA</generatorID>
<ownerDesignName>Barbershop Excellent</ownerDesignName>
<allowColumnReorder>false</allowColumnReorder>
<existDependencyGenerateInDDl>true</existDependencyGenerateInDDl>
<parsed>true</parsed>
<columns itemClass="oracle.dbtools.crest.model.design.relational.Column">
<Column name="employee_id" id="36206119-25E9-AEC0-CA9D-43B095560D5F">
<createdBy>nursu</createdBy>
<createdTime>2018-04-20 19:43:43 UTC</createdTime>
<generatorID>3D59D21B-E575-5E07-01A8-4579825E5771</generatorID>
<ownerDesignName>Barbershop Excellent</ownerDesignName>
<useDomainConstraints>false</useDomainConstraints>
<use>1</use>
<logicalDatatype>LOGDT011</logicalDatatype>
<ownDataTypeParameters>,,</ownDataTypeParameters>
<autoIncrementCycle>false</autoIncrementCycle>
</Column>
<Column name="e_fullname" id="EB6A1B29-AAAD-2B8F-9875-854A906916AB">
<createdBy>nursu</createdBy>
<createdTime>2018-04-20 19:43:43 UTC</createdTime>
<generatorID>A1FA8613-F720-8A9A-007A-DA78C49478E1</generatorID>
<ownerDesignName>Barbershop Excellent</ownerDesignName>
<useDomainConstraints>false</useDomainConstraints>
<use>1</use>
<logicalDatatype>LOGDT025</logicalDatatype>
<dataTypeSize>40 CHAR</dataTypeSize>
<ownDataTypeParameters>40 CHAR,,</ownDataTypeParameters>
<autoIncrementCycle>false</autoIncrementCycle>
</Column>
</columns>
<indexes itemClass="oracle.dbtools.crest.model.design.relational.Index">
<ind_PK_UK id="B08B4A6B-BEA2-0D4B-FADE-D4DD337844FE" name="Employee_PK">
<createdBy>nursu</createdBy>
<createdTime>2018-04-20 19:43:43 UTC</createdTime>
<generatorID>7E098FEE-9746-B9A6-D2D6-84F0D410308B</generatorID>
<ownerDesignName>Barbershop Excellent</ownerDesignName>
<pk>true</pk>
<indexState>Primary Constraint</indexState>
<isSurrogateKey>false</isSurrogateKey>
<indexColumnUsage>
<colUsage columnID="36206119-25E9-AEC0-CA9D-43B095560D5F"/>
</indexColumnUsage>
</ind_PK_UK>
</indexes>
</Table>