<?xml version = '1.0' encoding = 'UTF-8'?>
<Table class="oracle.dbtools.crest.model.design.relational.Table" directorySegmentName="seg_0" id="91C54D8A-FBE8-A51D-644A-BFF4B0A04D10" name="Relation_11">
<createdBy>nursu</createdBy>
<createdTime>2018-05-24 22:11:26 UTC</createdTime>
<ownerDesignName>Barbershop Excellent</ownerDesignName>
<allowColumnReorder>false</allowColumnReorder>
<existDependencyGenerateInDDl>true</existDependencyGenerateInDDl>
<parsed>true</parsed>
<columns itemClass="oracle.dbtools.crest.model.design.relational.Column">
<Column name="Branch_b_id" id="36C9B663-F43E-AB52-2710-C300C38EDC90">
<createdBy>nursu</createdBy>
<createdTime>2018-05-24 22:11:26 UTC</createdTime>
<ownerDesignName>Barbershop Excellent</ownerDesignName>
<useDomainConstraints>false</useDomainConstraints>
<use>1</use>
<logicalDatatype>LOGDT011</logicalDatatype>
<ownDataTypeParameters>,,</ownDataTypeParameters>
<previousColumn>false</previousColumn>
<autoIncrementCycle>false</autoIncrementCycle>
<associations>
<colAssociation fkAssociation="DF133A37-14A1-4D03-A838-4FAA2F431B2A" referredColumn="E18AB00C-6F54-4808-E607-49EB7A63B3B7"/>
</associations>
</Column>
<Column name="Goods_g_id" id="672667EF-2F06-6EA1-22BE-26CE27CD6868">
<createdBy>nursu</createdBy>
<createdTime>2018-05-24 22:11:26 UTC</createdTime>
<ownerDesignName>Barbershop Excellent</ownerDesignName>
<useDomainConstraints>false</useDomainConstraints>
<use>1</use>
<logicalDatatype>LOGDT011</logicalDatatype>
<ownDataTypeParameters>,,</ownDataTypeParameters>
<previousColumn>false</previousColumn>
<autoIncrementCycle>false</autoIncrementCycle>
<associations>
<colAssociation fkAssociation="B3B680D1-D9B0-2D50-7D94-46E52F463336" referredColumn="05010DA6-4B02-633F-E11D-CA2472F9C8D8"/>
</associations>
</Column>
</columns>
<indexes itemClass="oracle.dbtools.crest.model.design.relational.Index">
<ind_PK_UK id="B0BDDCFD-8638-AC7A-A8A8-35A793D4E7B2" name="Relation_11_PK">
<createdBy>nursu</createdBy>
<createdTime>2018-05-24 22:11:26 UTC</createdTime>
<ownerDesignName>Barbershop Excellent</ownerDesignName>
<pk>true</pk>
<indexState>Primary Constraint</indexState>
<isSurrogateKey>false</isSurrogateKey>
<indexColumnUsage>
<colUsage columnID="672667EF-2F06-6EA1-22BE-26CE27CD6868"/>
</indexColumnUsage>
</ind_PK_UK>
<ind_PK_UK id="1DE8D246-7168-E5E4-54C1-38FE997E99EB" name="Relation_11_Branch_FK">
<createdBy>nursu</createdBy>
<createdTime>2018-05-24 22:11:26 UTC</createdTime>
<generatorID>77669AD2-8881-CD64-2A20-324A220B14D5</generatorID>
<ownerDesignName>Barbershop Excellent</ownerDesignName>
<indexState>Foreign Key</indexState>
<isSurrogateKey>false</isSurrogateKey>
<indexColumnUsage>
<colUsage columnID="36C9B663-F43E-AB52-2710-C300C38EDC90"/>
</indexColumnUsage>
</ind_PK_UK>
<ind_PK_UK id="4D816548-E243-1153-68B0-1584540960AF" name="Relation_11_Goods_FK">
<createdBy>nursu</createdBy>
<createdTime>2018-05-24 22:11:26 UTC</createdTime>
<generatorID>77669AD2-8881-CD64-2A20-324A220B14D5</generatorID>
<ownerDesignName>Barbershop Excellent</ownerDesignName>
<indexState>Foreign Key</indexState>
<isSurrogateKey>false</isSurrogateKey>
<indexColumnUsage>
<colUsage columnID="672667EF-2F06-6EA1-22BE-26CE27CD6868"/>
</indexColumnUsage>
</ind_PK_UK>
</indexes>
</Table>