<?xml version = '1.0' encoding = 'UTF-8'?>
<Table class="oracle.dbtools.crest.model.design.relational.Table" directorySegmentName="seg_0" id="F2C6E456-1EAB-8657-89C0-471A97CAB8E3" name="Schedule">
<createdBy>nursu</createdBy>
<createdTime>2018-04-20 19:43:43 UTC</createdTime>
<generatorID>16F4867F-5B09-FAAE-D1E2-281644251868</generatorID>
<ownerDesignName>Barbershop Excellent</ownerDesignName>
<allowColumnReorder>false</allowColumnReorder>
<existDependencyGenerateInDDl>true</existDependencyGenerateInDDl>
<parsed>true</parsed>
<columns itemClass="oracle.dbtools.crest.model.design.relational.Column">
<Column name="sched_date" id="F05B3F30-B0D4-E053-29F1-C506755FC7DC">
<createdBy>nursu</createdBy>
<createdTime>2018-04-20 19:43:43 UTC</createdTime>
<generatorID>4A4C3A8A-626B-0A35-8259-D38C9F7D63CE</generatorID>
<ownerDesignName>Barbershop Excellent</ownerDesignName>
<useDomainConstraints>false</useDomainConstraints>
<use>1</use>
<logicalDatatype>LOGDT007</logicalDatatype>
<ownDataTypeParameters>,,</ownDataTypeParameters>
<autoIncrementCycle>false</autoIncrementCycle>
</Column>
<Column name="employee_id" id="227DCA1D-E2EB-3EC0-1698-696CACA2EB5F">
<createdBy>nursu</createdBy>
<createdTime>2018-04-20 19:43:43 UTC</createdTime>
<generatorID>C5235756-6D1D-9702-A60E-FE5E592F8099</generatorID>
<ownerDesignName>Barbershop Excellent</ownerDesignName>
<useDomainConstraints>false</useDomainConstraints>
<use>1</use>
<logicalDatatype>LOGDT011</logicalDatatype>
<ownDataTypeParameters>,,</ownDataTypeParameters>
<previousColumn>false</previousColumn>
<autoIncrementCycle>false</autoIncrementCycle>
<associations>
<colAssociation fkAssociation="2608A669-F177-B964-C551-86E8C1EEF38D" referredColumn="36206119-25E9-AEC0-CA9D-43B095560D5F"/>
</associations>
</Column>
<Column name="sched_id" id="931044FA-D7B0-8047-45A5-C02CD0C7615E">
<createdBy>nursu</createdBy>
<createdTime>2018-04-20 19:43:43 UTC</createdTime>
<generatorID>A9AC0FE4-C83B-1030-6A80-CA47D594FCE2</generatorID>
<ownerDesignName>Barbershop Excellent</ownerDesignName>
<useDomainConstraints>false</useDomainConstraints>
<use>1</use>
<logicalDatatype>LOGDT011</logicalDatatype>
<ownDataTypeParameters>,,</ownDataTypeParameters>
<autoIncrementCycle>false</autoIncrementCycle>
</Column>
</columns>
<indexes itemClass="oracle.dbtools.crest.model.design.relational.Index">
<ind_PK_UK id="F19DFBF9-4C4C-EFE6-46A0-82BCE09926A2" name="Schedule_PK">
<createdBy>nursu</createdBy>
<createdTime>2018-04-20 19:43:43 UTC</createdTime>
<generatorID>B430E541-C1AB-02B6-4D5F-F67349060D6F</generatorID>
<ownerDesignName>Barbershop Excellent</ownerDesignName>
<pk>true</pk>
<indexState>Primary Constraint</indexState>
<isSurrogateKey>false</isSurrogateKey>
<indexColumnUsage>
<colUsage columnID="931044FA-D7B0-8047-45A5-C02CD0C7615E"/>
</indexColumnUsage>
</ind_PK_UK>
<ind_PK_UK id="4162CD64-08F6-15A9-485C-5ED82B7D6B16" name="Schedule_Employee_FK">
<createdBy>nursu</createdBy>
<createdTime>2018-04-20 19:43:43 UTC</createdTime>
<generatorID>FA9BF97E-43B3-E77A-7293-5C84FFA8EF49</generatorID>
<ownerDesignName>Barbershop Excellent</ownerDesignName>
<indexState>Foreign Key</indexState>
<isSurrogateKey>false</isSurrogateKey>
<indexColumnUsage>
<colUsage columnID="227DCA1D-E2EB-3EC0-1698-696CACA2EB5F"/>
</indexColumnUsage>
</ind_PK_UK>
</indexes>
</Table>