<?xml version = '1.0' encoding = 'UTF-8'?>
<FKIndexAssociation class="oracle.dbtools.crest.model.design.relational.FKIndexAssociation" directorySegmentName="seg_0" id="B3B680D1-D9B0-2D50-7D94-46E52F463336" containerWithKeyObject="91C54D8A-FBE8-A51D-644A-BFF4B0A04D10" localFKIndex="4D816548-E243-1153-68B0-1584540960AF" name="Relation_11_Goods_FK">
<createdBy>nursu</createdBy>
<createdTime>2018-05-24 22:11:26 UTC</createdTime>
<generatorID>77669AD2-8881-CD64-2A20-324A220B14D5</generatorID>
<ownerDesignName>Barbershop Excellent</ownerDesignName>
<referredTableLongName>Goods</referredTableLongName>
<deleteRule>NO ACTION</deleteRule>
<referredTableID>85999417-0E3F-3471-95A4-7F6903F59215</referredTableID>
<keyObject>AF5A5D2B-82B0-C1AA-E825-6C40AE558C14</keyObject>
<referredKeyID>AF5A5D2B-82B0-C1AA-E825-6C40AE558C14</referredKeyID>
<mandatory>true</mandatory>
<refColNames>goods_id</refColNames>
<transferable>true</transferable>
<rely>false</rely>
<columnDependencyConstraintGenerateInDDL>true</columnDependencyConstraintGenerateInDDL>
</FKIndexAssociation>