<?xml version = '1.0' encoding = 'UTF-8'?>
<FKIndexAssociation class="oracle.dbtools.crest.model.design.relational.FKIndexAssociation" directorySegmentName="seg_0" id="C7F00176-B3AC-0624-93B9-404AAAA80479" containerWithKeyObject="F97D3ABD-1EAA-9381-5D52-84227F6953EF" localFKIndex="25E564E1-A643-55D8-AD11-3D0054BD7190" name="Reservation_Employee_FK">
<createdBy>nursu</createdBy>
<createdTime>2018-04-20 19:43:44 UTC</createdTime>
<generatorID>D0FBE84D-A7FE-7515-D7B3-F1043A37F9E6</generatorID>
<ownerDesignName>Barbershop Excellent</ownerDesignName>
<referredTableLongName>Employee</referredTableLongName>
<deleteRule>NO ACTION</deleteRule>
<referredTableID>255C1588-8611-8438-B301-9A467F65F420</referredTableID>
<keyObject>B08B4A6B-BEA2-0D4B-FADE-D4DD337844FE</keyObject>
<referredKeyID>B08B4A6B-BEA2-0D4B-FADE-D4DD337844FE</referredKeyID>
<mandatory>true</mandatory>
<refColNames>employee_id</refColNames>
<transferable>true</transferable>
<rely>false</rely>
<columnDependencyConstraintGenerateInDDL>true</columnDependencyConstraintGenerateInDDL>
</FKIndexAssociation>