<?xml version = '1.0' encoding = 'UTF-8'?>
<FKIndexAssociation class="oracle.dbtools.crest.model.design.relational.FKIndexAssociation" directorySegmentName="seg_0" id="F9B4C067-1E39-D9DF-F014-8FE7457367D0" containerWithKeyObject="F97D3ABD-1EAA-9381-5D52-84227F6953EF" localFKIndex="9AB43B3F-79C9-D02B-3094-9292A8DEA863" name="Reservation_Branch_FK">
<createdBy>nursu</createdBy>
<createdTime>2018-04-20 19:43:43 UTC</createdTime>
<generatorID>96AFF55B-094C-33E9-6757-9C338A2EE30F</generatorID>
<ownerDesignName>Barbershop Excellent</ownerDesignName>
<referredTableLongName>Branch</referredTableLongName>
<deleteRule>NO ACTION</deleteRule>
<referredTableID>78DF4073-E7AE-90E9-5566-C7C05BA20232</referredTableID>
<keyObject>665FBFAF-0FA1-A2CE-3664-637688E9F6AE</keyObject>
<referredKeyID>665FBFAF-0FA1-A2CE-3664-637688E9F6AE</referredKeyID>
<mandatory>true</mandatory>
<refColNames>b_id</refColNames>
<transferable>true</transferable>
<rely>false</rely>
<columnDependencyConstraintGenerateInDDL>true</columnDependencyConstraintGenerateInDDL>
</FKIndexAssociation>