<?xml version = '1.0' encoding = 'UTF-8'?>
<Diagram class="oracle.dbtools.crest.swingui.relational.DPVRelational" name="Relational_1" id="1C87E146-2F59-FC2A-2E10-236E4626A292">
<createdBy>nursu</createdBy>
<modifiedBy>nursu</modifiedBy>
<createdTime>2018-04-20 19:43:43 UTC</createdTime>
<autoRoute>false</autoRoute>
<boxInbox>true</boxInbox>
<showLegend>false</showLegend>
<showLabels>false</showLabels>
<showRelAttributes>false</showRelAttributes>
<gridEnabled>false</gridEnabled>
<showGrid>false</showGrid>
<diagramColor>-1</diagramColor>
<display>false</display>
<notation>1</notation>
<objectViews>
<OView class="oracle.dbtools.crest.swingui.relational.TVTable" oid="255C1588-8611-8438-B301-9A467F65F420" otype="Table" vid="83DF8CF0-40BF-4691-7C3C-BB7E28FCE181">
<hideElementsInCurrentOnly>false</hideElementsInCurrentOnly>
<bounds x="350" y="254" width="236" height="110"/>
<generatorID>FF91FCB6-AE1F-DA69-7F09-087E7FAD0617</generatorID>
</OView>
<OView class="oracle.dbtools.crest.swingui.relational.TVTable" oid="78DF4073-E7AE-90E9-5566-C7C05BA20232" otype="Table" vid="E7DEB7F6-54B5-AD73-4ACD-D968BEC190C0">
<hideElementsInCurrentOnly>false</hideElementsInCurrentOnly>
<bounds x="32" y="44" width="253" height="138"/>
<generatorID>4AA5B571-8CDD-DD59-DA86-D67FD98EE61A</generatorID>
</OView>
<OView class="oracle.dbtools.crest.swingui.relational.TVTable" oid="85999417-0E3F-3471-95A4-7F6903F59215" otype="Table" vid="2230829F-041D-8323-E889-F25708B4B58C">
<hideElementsInCurrentOnly>false</hideElementsInCurrentOnly>
<bounds x="9" y="468" width="209" height="166"/>
<generatorID>322410CE-4C6F-071C-3026-309621D1C4D1</generatorID>
</OView>
<OView class="oracle.dbtools.crest.swingui.relational.TVTable" oid="91C54D8A-FBE8-A51D-644A-BFF4B0A04D10" otype="Table" vid="199A3055-8533-8CFC-B3C6-B3EF5B3AE55C">
<hideElementsInCurrentOnly>false</hideElementsInCurrentOnly>
<bounds x="17" y="252" width="273" height="118"/>
</OView>
<OView class="oracle.dbtools.crest.swingui.relational.TVTable" oid="A4CFD854-451D-6C8B-EAB3-35F74E80762A" otype="Table" vid="FB4C9809-B907-3A65-23F9-3612B27D5F0D">
<hideElementsInCurrentOnly>false</hideElementsInCurrentOnly>
<bounds x="250" y="458" width="273" height="144"/>
<generatorID>49F1A4C6-530D-1BC4-E5E2-ECEF2997D7C7</generatorID>
</OView>
<OView class="oracle.dbtools.crest.swingui.relational.TVTable" oid="E1389C76-3FA8-182F-CF6D-560A6097CA6F" otype="Table" vid="ECA4F89D-174C-BB56-6BFA-C977C4BF0AC1">
<hideElementsInCurrentOnly>false</hideElementsInCurrentOnly>
<bounds x="919" y="25" width="285" height="164"/>
<generatorID>BF1E55EF-87C0-EC0C-FE15-F493BD27494F</generatorID>
</OView>
<OView class="oracle.dbtools.crest.swingui.relational.TVTable" oid="F2C6E456-1EAB-8657-89C0-471A97CAB8E3" otype="Table" vid="3275930F-58A1-ADA7-AA3A-21A18FC608E6">
<hideElementsInCurrentOnly>false</hideElementsInCurrentOnly>
<bounds x="537" y="458" width="311" height="110"/>
<generatorID>111FF88C-D9C9-46C1-1DAE-29D4E673DA15</generatorID>
</OView>
<OView class="oracle.dbtools.crest.swingui.relational.TVTable" oid="F95BB66F-E8C6-306E-969E-34D586D28D08" otype="Table" vid="6351F3CF-BCBD-9977-10C7-312DD62E51F4">
<hideElementsInCurrentOnly>false</hideElementsInCurrentOnly>
<bounds x="756" y="285" width="250" height="110"/>
<generatorID>2AFB07BF-9872-FAA2-BB9A-B76C0053F3D1</generatorID>
</OView>
<OView class="oracle.dbtools.crest.swingui.relational.TVTable" oid="F97D3ABD-1EAA-9381-5D52-84227F6953EF" otype="Table" vid="51C180B4-0BAF-150F-AA12-CE6B867944A8">
<hideElementsInCurrentOnly>false</hideElementsInCurrentOnly>
<bounds x="458" y="34" width="265" height="161"/>
<generatorID>00D6CA3D-03A2-75C6-8DA8-9399859989D1</generatorID>
</OView>
</objectViews>
<connectors>
<Connector class="oracle.dbtools.crest.swingui.relational.TVFKRelation" oid="2608A669-F177-B964-C551-86E8C1EEF38D" otype="FKIndexAssociation" vid_source="83DF8CF0-40BF-4691-7C3C-BB7E28FCE181" vid_target="3275930F-58A1-ADA7-AA3A-21A18FC608E6">
<hideElementsInCurrentOnly>false</hideElementsInCurrentOnly>
<backgroundColor>-16777216</backgroundColor>
<lineWidth>1</lineWidth>
<points>
<point x="561" y="364"/>
<point x="561" y="458"/>
</points>
</Connector>
<Connector class="oracle.dbtools.crest.swingui.relational.TVFKRelation" oid="85C821AA-D339-BB02-09DA-219FF77CBC40" otype="FKIndexAssociation" vid_source="83DF8CF0-40BF-4691-7C3C-BB7E28FCE181" vid_target="FB4C9809-B907-3A65-23F9-3612B27D5F0D">
<hideElementsInCurrentOnly>false</hideElementsInCurrentOnly>
<backgroundColor>-16777216</backgroundColor>
<lineWidth>1</lineWidth>
<points>
<point x="436" y="364"/>
<point x="436" y="458"/>
</points>
</Connector>
<Connector class="oracle.dbtools.crest.swingui.relational.TVFKRelation" oid="B3B680D1-D9B0-2D50-7D94-46E52F463336" otype="FKIndexAssociation" vid_source="2230829F-041D-8323-E889-F25708B4B58C" vid_target="199A3055-8533-8CFC-B3C6-B3EF5B3AE55C">
<hideElementsInCurrentOnly>false</hideElementsInCurrentOnly>
<backgroundColor>-16777216</backgroundColor>
<lineWidth>1</lineWidth>
<points>
<point x="117" y="468"/>
<point x="117" y="370"/>
</points>
</Connector>
<Connector class="oracle.dbtools.crest.swingui.relational.TVFKRelation" oid="C7F00176-B3AC-0624-93B9-404AAAA80479" otype="FKIndexAssociation" vid_source="83DF8CF0-40BF-4691-7C3C-BB7E28FCE181" vid_target="51C180B4-0BAF-150F-AA12-CE6B867944A8">
<hideElementsInCurrentOnly>false</hideElementsInCurrentOnly>
<backgroundColor>-16777216</backgroundColor>
<lineWidth>1</lineWidth>
<points>
<point x="522" y="254"/>
<point x="522" y="195"/>
</points>
</Connector>
<Connector class="oracle.dbtools.crest.swingui.relational.TVFKRelation" oid="DF133A37-14A1-4D03-A838-4FAA2F431B2A" otype="FKIndexAssociation" vid_source="E7DEB7F6-54B5-AD73-4ACD-D968BEC190C0" vid_target="199A3055-8533-8CFC-B3C6-B3EF5B3AE55C">
<hideElementsInCurrentOnly>false</hideElementsInCurrentOnly>
<backgroundColor>-16777216</backgroundColor>
<lineWidth>1</lineWidth>
<points>
<point x="158" y="182"/>
<point x="158" y="252"/>
</points>
</Connector>
<Connector class="oracle.dbtools.crest.swingui.relational.TVFKRelation" oid="EF149F5F-561B-687F-FBC9-71477656D3DC" otype="FKIndexAssociation" vid_source="ECA4F89D-174C-BB56-6BFA-C977C4BF0AC1" vid_target="51C180B4-0BAF-150F-AA12-CE6B867944A8">
<hideElementsInCurrentOnly>false</hideElementsInCurrentOnly>
<backgroundColor>-16777216</backgroundColor>
<lineWidth>1</lineWidth>
<points>
<point x="919" y="111"/>
<point x="723" y="111"/>
</points>
</Connector>
<Connector class="oracle.dbtools.crest.swingui.relational.TVFKRelation" oid="F9B4C067-1E39-D9DF-F014-8FE7457367D0" otype="FKIndexAssociation" vid_source="E7DEB7F6-54B5-AD73-4ACD-D968BEC190C0" vid_target="51C180B4-0BAF-150F-AA12-CE6B867944A8">
<hideElementsInCurrentOnly>false</hideElementsInCurrentOnly>
<backgroundColor>-16777216</backgroundColor>
<lineWidth>1</lineWidth>
<points>
<point x="285" y="113"/>
<point x="458" y="113"/>
</points>
</Connector>
<Connector class="oracle.dbtools.crest.swingui.relational.TVFKRelation" oid="FEAC4BE9-C8B5-B19E-39F2-F8E6851CE4F7" otype="FKIndexAssociation" vid_source="6351F3CF-BCBD-9977-10C7-312DD62E51F4" vid_target="51C180B4-0BAF-150F-AA12-CE6B867944A8">
<hideElementsInCurrentOnly>false</hideElementsInCurrentOnly>
<backgroundColor>-16777216</backgroundColor>
<lineWidth>1</lineWidth>
<points>
<point x="810" y="285"/>
<point x="694" y="195"/>
</points>
</Connector>
</connectors>
</Diagram>