<?xml version = '1.0' encoding = 'UTF-8'?>
<Relation class="oracle.dbtools.crest.model.design.logical.Relation" name="Salary Employee FK" directorySegmentName="seg_0" id="1E891EB6-D910-585B-DBD1-2164F6F63191">
<createdBy>nursu</createdBy>
<createdTime>2018-04-20 19:27:56 UTC</createdTime>
<ownerDesignName>Barbershop Excellent</ownerDesignName>
<engineerTo>
<item key="F482A4B5-83A7-51C2-15C8-7A69CA016E9D" value="true"/>
</engineerTo>
<sourcePk>7E098FEE-9746-B9A6-D2D6-84F0D410308B</sourcePk>
<identifying>false</identifying>
<nameOnTarget>has_earned</nameOnTarget>
<optionalSource>true</optionalSource>
<optionalTarget>false</optionalTarget>
<sourceCardinality>1</sourceCardinality>
<sourceEntity>6E2105FF-E869-A66B-2538-E40865A19BDA</sourceEntity>
<targetCardinalityString>*</targetCardinalityString>
<targetEntity>34800DDC-FA51-5EF1-ABE4-4CE5C188D22E</targetEntity>
<transferable>true</transferable>
<deleteRule>NO ACTION</deleteRule>
</Relation>