<?xml version = '1.0' encoding = 'UTF-8'?>
<Relation class="oracle.dbtools.crest.model.design.logical.Relation" name="Reservation Customer FK" directorySegmentName="seg_0" id="48184F14-F1EA-311D-B57B-D4A428185F71">
<createdBy>nursu</createdBy>
<createdTime>2018-04-20 18:17:14 UTC</createdTime>
<ownerDesignName>Barbershop Excellent</ownerDesignName>
<engineerTo>
<item key="F482A4B5-83A7-51C2-15C8-7A69CA016E9D" value="true"/>
</engineerTo>
<sourcePk>CBCACDBE-D5CF-38F9-1287-767F159046E3</sourcePk>
<identifying>false</identifying>
<nameOnSource>who_is_reserving</nameOnSource>
<optionalSource>true</optionalSource>
<optionalTarget>false</optionalTarget>
<sourceCardinality>1</sourceCardinality>
<sourceEntity>A5114CC7-2F1B-781B-A026-2EAB8DC2947A</sourceEntity>
<targetCardinalityString>*</targetCardinalityString>
<targetEntity>2B40F27E-672D-5A12-C89C-A067350A389A</targetEntity>
<transferable>true</transferable>
<deleteRule>NO ACTION</deleteRule>
</Relation>