<?xml version = '1.0' encoding = 'UTF-8'?>
<Relation class="oracle.dbtools.crest.model.design.logical.Relation" name="Relation_11" directorySegmentName="seg_0" id="77669AD2-8881-CD64-2A20-324A220B14D5">
<createdBy>nursu</createdBy>
<createdTime>2018-05-24 22:10:23 UTC</createdTime>
<ownerDesignName>Barbershop Excellent</ownerDesignName>
<engineerTo>
<item key="F482A4B5-83A7-51C2-15C8-7A69CA016E9D" value="true"/>
</engineerTo>
<identifying>false</identifying>
<nameOnSource>branch has</nameOnSource>
<optionalSource>false</optionalSource>
<optionalTarget>true</optionalTarget>
<sourceCardinality>*</sourceCardinality>
<sourceEntity>102E3A3F-6478-0B27-C62C-BBB5074D268A</sourceEntity>
<targetCardinalityString>*</targetCardinalityString>
<targetEntity>CAFA219E-B054-9361-6F86-8CBF7884A04F</targetEntity>
<transferable>true</transferable>
<deleteRule>NO ACTION</deleteRule>
</Relation>