<?xml version = '1.0' encoding = 'UTF-8'?>
<Relation class="oracle.dbtools.crest.model.design.logical.Relation" name="Reservation Branch FK" directorySegmentName="seg_0" id="96AFF55B-094C-33E9-6757-9C338A2EE30F">
<createdBy>nursu</createdBy>
<createdTime>2018-04-20 18:16:54 UTC</createdTime>
<ownerDesignName>Barbershop Excellent</ownerDesignName>
<engineerTo>
<item key="F482A4B5-83A7-51C2-15C8-7A69CA016E9D" value="true"/>
</engineerTo>
<sourcePk>B8CBA201-1ABD-D679-F5D2-E4B8987EBFD1</sourcePk>
<identifying>false</identifying>
<nameOnSource>has_client_by_reservation</nameOnSource>
<optionalSource>true</optionalSource>
<optionalTarget>false</optionalTarget>
<sourceCardinality>1</sourceCardinality>
<sourceEntity>102E3A3F-6478-0B27-C62C-BBB5074D268A</sourceEntity>
<targetCardinalityString>*</targetCardinalityString>
<targetEntity>2B40F27E-672D-5A12-C89C-A067350A389A</targetEntity>
<transferable>true</transferable>
<deleteRule>NO ACTION</deleteRule>
</Relation>