<?xml version = '1.0' encoding = 'UTF-8'?>
<Relation class="oracle.dbtools.crest.model.design.logical.Relation" name="Reservation Employee FK" directorySegmentName="seg_0" id="D0FBE84D-A7FE-7515-D7B3-F1043A37F9E6">
<createdBy>nursu</createdBy>
<createdTime>2018-04-20 19:28:37 UTC</createdTime>
<ownerDesignName>Barbershop Excellent</ownerDesignName>
<engineerTo>
<item key="F482A4B5-83A7-51C2-15C8-7A69CA016E9D" value="true"/>
</engineerTo>
<sourcePk>7E098FEE-9746-B9A6-D2D6-84F0D410308B</sourcePk>
<identifying>false</identifying>
<nameOnSource>who_has_client_by</nameOnSource>
<optionalSource>true</optionalSource>
<optionalTarget>false</optionalTarget>
<sourceCardinality>1</sourceCardinality>
<sourceEntity>6E2105FF-E869-A66B-2538-E40865A19BDA</sourceEntity>
<targetCardinalityString>*</targetCardinalityString>
<targetEntity>2B40F27E-672D-5A12-C89C-A067350A389A</targetEntity>
<transferable>true</transferable>
<deleteRule>NO ACTION</deleteRule>
</Relation>