<?xml version = '1.0' encoding = 'UTF-8'?>
<Relation class="oracle.dbtools.crest.model.design.logical.Relation" name="Schedule Employee FK" directorySegmentName="seg_0" id="FA9BF97E-43B3-E77A-7293-5C84FFA8EF49">
<createdBy>nursu</createdBy>
<createdTime>2018-04-20 19:25:06 UTC</createdTime>
<ownerDesignName>Barbershop Excellent</ownerDesignName>
<engineerTo>
<item key="F482A4B5-83A7-51C2-15C8-7A69CA016E9D" value="true"/>
</engineerTo>
<sourcePk>7E098FEE-9746-B9A6-D2D6-84F0D410308B</sourcePk>
<identifying>false</identifying>
<nameOnTarget>how_long_works_employer</nameOnTarget>
<optionalSource>true</optionalSource>
<optionalTarget>false</optionalTarget>
<sourceCardinality>1</sourceCardinality>
<sourceEntity>6E2105FF-E869-A66B-2538-E40865A19BDA</sourceEntity>
<targetCardinalityString>*</targetCardinalityString>
<targetEntity>16F4867F-5B09-FAAE-D1E2-281644251868</targetEntity>
<transferable>true</transferable>
<deleteRule>NO ACTION</deleteRule>
</Relation>