<?xml version = '1.0' encoding = 'UTF-8'?>
<Table class="oracle.dbtools.crest.model.design.relational.Table" directorySegmentName="seg_0" id="78DF4073-E7AE-90E9-5566-C7C05BA20232" name="Branch">
<createdBy>nursu</createdBy>
<createdTime>2018-04-20 19:43:43 UTC</createdTime>
<generatorID>102E3A3F-6478-0B27-C62C-BBB5074D268A</generatorID>
<ownerDesignName>Barbershop</ownerDesignName>
<allowColumnReorder>false</allowColumnReorder>
<existDependencyGenerateInDDl>true</existDependencyGenerateInDDl>
<parsed>true</parsed>
<columns itemClass="oracle.dbtools.crest.model.design.relational.Column">
<Column name="b_id" id="E18AB00C-6F54-4808-E607-49EB7A63B3B7">
<createdBy>nursu</createdBy>
<createdTime>2018-04-20 19:43:43 UTC</createdTime>
<generatorID>865327ED-651B-0234-7A10-D9E193D3908F</generatorID>
<ownerDesignName>Barbershop</ownerDesignName>
<useDomainConstraints>false</useDomainConstraints>
<use>1</use>
<logicalDatatype>LOGDT011</logicalDatatype>
<ownDataTypeParameters>,,</ownDataTypeParameters>
<autoIncrementCycle>false</autoIncrementCycle>
</Column>
<Column name="b_contract" id="EF203D52-4F23-8E24-04F2-CCF6EF06FAFB">
<createdBy>nursu</createdBy>
<createdTime>2018-04-20 19:43:43 UTC</createdTime>
<generatorID>AD9CBEC0-6C55-5CA6-B9A4-B3539927CCBD</generatorID>
<ownerDesignName>Barbershop</ownerDesignName>
<nullsAllowed>true</nullsAllowed>
<useDomainConstraints>false</useDomainConstraints>
<use>1</use>
<logicalDatatype>LOGDT024</logicalDatatype>
<dataTypeSize>30</dataTypeSize>
<ownDataTypeParameters>30,,</ownDataTypeParameters>
<autoIncrementCycle>false</autoIncrementCycle>
</Column>
<Column name="pay_date" id="67F9A19D-2903-0949-85D9-5860E03F75DE">
<createdBy>nursu</createdBy>
<createdTime>2018-04-20 19:43:43 UTC</createdTime>
<generatorID>82439754-F99D-F4F8-CD82-48A3CA674BB9</generatorID>
<ownerDesignName>Barbershop</ownerDesignName>
<useDomainConstraints>false</useDomainConstraints>
<use>1</use>
<logicalDatatype>LOGDT007</logicalDatatype>
<ownDataTypeParameters>,,</ownDataTypeParameters>
<autoIncrementCycle>false</autoIncrementCycle>
</Column>
<Column name="b_requis" id="A12A33B5-9E91-AE04-0362-6AD82B741A8F">
<createdBy>nursu</createdBy>
<createdTime>2018-04-20 19:43:43 UTC</createdTime>
<generatorID>756794D7-8374-21E5-9744-C7B7B456E541</generatorID>
<ownerDesignName>Barbershop</ownerDesignName>
<useDomainConstraints>false</useDomainConstraints>
<use>1</use>
<logicalDatatype>LOGDT024</logicalDatatype>
<dataTypeSize>30</dataTypeSize>
<ownDataTypeParameters>30,,</ownDataTypeParameters>
<autoIncrementCycle>false</autoIncrementCycle>
</Column>
<Column name="b_address" id="1C89EDE9-E110-AB67-7D11-F61A2C75C3AC">
<createdBy>nursu</createdBy>
<createdTime>2018-04-20 22:19:14 UTC</createdTime>
<generatorID>0FC7389C-BC28-D805-87F6-0A7209168645</generatorID>
<ownerDesignName>Barbershop</ownerDesignName>
<useDomainConstraints>false</useDomainConstraints>
<use>1</use>
<logicalDatatype>LOGDT024</logicalDatatype>
<dataTypeSize>30 CHAR</dataTypeSize>
<ownDataTypeParameters>30 CHAR,,</ownDataTypeParameters>
<autoIncrementCycle>false</autoIncrementCycle>
</Column>
</columns>
<indexes itemClass="oracle.dbtools.crest.model.design.relational.Index">
<ind_PK_UK id="665FBFAF-0FA1-A2CE-3664-637688E9F6AE" name="Branch_PK">
<createdBy>nursu</createdBy>
<createdTime>2018-04-20 19:43:43 UTC</createdTime>
<generatorID>B8CBA201-1ABD-D679-F5D2-E4B8987EBFD1</generatorID>
<ownerDesignName>Barbershop</ownerDesignName>
<pk>true</pk>
<indexState>Primary Constraint</indexState>
<isSurrogateKey>false</isSurrogateKey>
<indexColumnUsage>
<colUsage columnID="E18AB00C-6F54-4808-E607-49EB7A63B3B7"/>
</indexColumnUsage>
</ind_PK_UK>
</indexes>
</Table>