<?xml version = '1.0' encoding = 'UTF-8'?>
<Table class="oracle.dbtools.crest.model.design.relational.Table" directorySegmentName="seg_0" id="85999417-0E3F-3471-95A4-7F6903F59215" name="Goods">
<createdBy>nursu</createdBy>
<createdTime>2018-04-20 19:43:43 UTC</createdTime>
<generatorID>CAFA219E-B054-9361-6F86-8CBF7884A04F</generatorID>
<ownerDesignName>Barbershop</ownerDesignName>
<allowColumnReorder>false</allowColumnReorder>
<existDependencyGenerateInDDl>true</existDependencyGenerateInDDl>
<parsed>true</parsed>
<columns itemClass="oracle.dbtools.crest.model.design.relational.Column">
<Column name="g_id" id="05010DA6-4B02-633F-E11D-CA2472F9C8D8">
<createdBy>nursu</createdBy>
<createdTime>2018-05-24 22:09:51 UTC</createdTime>
<generatorID>7E41F580-9379-9361-75BF-E01695D2E6B1</generatorID>
<ownerDesignName>Barbershop</ownerDesignName>
<useDomainConstraints>false</useDomainConstraints>
<use>1</use>
<logicalDatatype>LOGDT011</logicalDatatype>
<ownDataTypeParameters>,,</ownDataTypeParameters>
<autoIncrementCycle>false</autoIncrementCycle>
</Column>
<Column name="g_name" id="64147B12-945B-0D3A-41D0-AD8B9C4C1E0C">
<createdBy>nursu</createdBy>
<createdTime>2018-04-20 19:43:43 UTC</createdTime>
<generatorID>09F30546-AB42-4416-268E-11E3F64B72C3</generatorID>
<ownerDesignName>Barbershop</ownerDesignName>
<useDomainConstraints>false</useDomainConstraints>
<use>1</use>
<logicalDatatype>LOGDT025</logicalDatatype>
<dataTypeSize>30 CHAR</dataTypeSize>
<ownDataTypeParameters>30 CHAR,,</ownDataTypeParameters>
<autoIncrementCycle>false</autoIncrementCycle>
</Column>
<Column name="receipt_price" id="F8E6EA4A-FFE2-CA67-3C17-D4365F500BF9">
<createdBy>nursu</createdBy>
<createdTime>2018-04-20 19:43:43 UTC</createdTime>
<generatorID>2337C312-A854-2A51-C834-68762E807D5F</generatorID>
<ownerDesignName>Barbershop</ownerDesignName>
<useDomainConstraints>false</useDomainConstraints>
<use>1</use>
<logicalDatatype>LOGDT043</logicalDatatype>
<ownDataTypeParameters>,,</ownDataTypeParameters>
<autoIncrementCycle>false</autoIncrementCycle>
</Column>
<Column name="sold_price" id="5037B5C5-F3CF-E386-0DE0-40CD09EC2AE0">
<createdBy>nursu</createdBy>
<createdTime>2018-04-20 19:43:43 UTC</createdTime>
<generatorID>B0977A39-85DB-2558-DB33-B4906BAAEC18</generatorID>
<ownerDesignName>Barbershop</ownerDesignName>
<useDomainConstraints>false</useDomainConstraints>
<use>1</use>
<logicalDatatype>LOGDT043</logicalDatatype>
<ownDataTypeParameters>,,</ownDataTypeParameters>
<autoIncrementCycle>false</autoIncrementCycle>
</Column>
<Column name="receipt_date" id="BEBD35D2-B9F8-10C9-EA8C-AFD27890F6F5">
<createdBy>nursu</createdBy>
<createdTime>2018-05-25 11:46:08 UTC</createdTime>
<ownerDesignName>Barbershop</ownerDesignName>
<useDomainConstraints>false</useDomainConstraints>
<use>1</use>
<logicalDatatype>LOGDT007</logicalDatatype>
<ownDataTypeParameters>,,</ownDataTypeParameters>
<autoIncrementCycle>false</autoIncrementCycle>
</Column>
<Column name="sold_date" id="A5D436DB-A1E0-D3F0-6D88-C9CD8F42280A">
<createdBy>nursu</createdBy>
<createdTime>2018-05-25 11:46:28 UTC</createdTime>
<ownerDesignName>Barbershop</ownerDesignName>
<useDomainConstraints>false</useDomainConstraints>
<use>1</use>
<logicalDatatype>LOGDT007</logicalDatatype>
<ownDataTypeParameters>,,</ownDataTypeParameters>
<autoIncrementCycle>false</autoIncrementCycle>
</Column>
</columns>
<indexes itemClass="oracle.dbtools.crest.model.design.relational.Index">
<ind_PK_UK id="AF5A5D2B-82B0-C1AA-E825-6C40AE558C14" name="Goods_PK">
<createdBy>nursu</createdBy>
<createdTime>2018-04-20 19:43:43 UTC</createdTime>
<generatorID>91A59FBD-ED4F-312D-8241-1CA99F694F54</generatorID>
<ownerDesignName>Barbershop</ownerDesignName>
<pk>true</pk>
<indexState>Primary Constraint</indexState>
<isSurrogateKey>false</isSurrogateKey>
<indexColumnUsage>
<colUsage columnID="05010DA6-4B02-633F-E11D-CA2472F9C8D8"/>
</indexColumnUsage>
</ind_PK_UK>
</indexes>
</Table>