<?xml version = '1.0' encoding = 'UTF-8'?>
<Table class="oracle.dbtools.crest.model.design.relational.Table" directorySegmentName="seg_0" id="A4CFD854-451D-6C8B-EAB3-35F74E80762A" name="Salary">
<createdBy>nursu</createdBy>
<createdTime>2018-04-20 19:43:43 UTC</createdTime>
<generatorID>34800DDC-FA51-5EF1-ABE4-4CE5C188D22E</generatorID>
<ownerDesignName>Barbershop</ownerDesignName>
<allowColumnReorder>false</allowColumnReorder>
<existDependencyGenerateInDDl>true</existDependencyGenerateInDDl>
<parsed>true</parsed>
<columns itemClass="oracle.dbtools.crest.model.design.relational.Column">
<Column name="salary_id" id="864FEABC-0BF2-7053-78FC-9FF9AA989F50">
<createdBy>nursu</createdBy>
<createdTime>2018-05-25 11:55:23 UTC</createdTime>
<ownerDesignName>Barbershop</ownerDesignName>
<useDomainConstraints>false</useDomainConstraints>
<use>1</use>
<logicalDatatype>LOGDT011</logicalDatatype>
<ownDataTypeParameters>,,</ownDataTypeParameters>
<autoIncrementCycle>false</autoIncrementCycle>
</Column>
<Column name="salary_date" id="AB53A9C1-BDE5-DF41-1B27-B1DABEEE62D3">
<createdBy>nursu</createdBy>
<createdTime>2018-04-20 19:43:43 UTC</createdTime>
<generatorID>C279EBF4-D01F-53D1-5570-2183366B21A5</generatorID>
<ownerDesignName>Barbershop</ownerDesignName>
<useDomainConstraints>false</useDomainConstraints>
<use>1</use>
<logicalDatatype>LOGDT007</logicalDatatype>
<ownDataTypeParameters>,,</ownDataTypeParameters>
<autoIncrementCycle>false</autoIncrementCycle>
</Column>
<Column name="salary_sum" id="AEABE4D7-5392-146A-A275-7B33C8395514">
<createdBy>nursu</createdBy>
<createdTime>2018-04-20 19:43:43 UTC</createdTime>
<generatorID>AB31F4D3-B547-A100-7CDC-A16781D3ED99</generatorID>
<ownerDesignName>Barbershop</ownerDesignName>
<useDomainConstraints>false</useDomainConstraints>
<use>1</use>
<logicalDatatype>LOGDT043</logicalDatatype>
<ownDataTypeParameters>,,</ownDataTypeParameters>
<autoIncrementCycle>false</autoIncrementCycle>
</Column>
<Column name="employee_id" id="63F1BA22-88E8-5F6F-9358-D278E0AE9110">
<createdBy>nursu</createdBy>
<createdTime>2018-04-20 19:43:43 UTC</createdTime>
<generatorID>E053B85D-035C-6E21-CDEB-CCAB3D32339F</generatorID>
<ownerDesignName>Barbershop</ownerDesignName>
<useDomainConstraints>false</useDomainConstraints>
<use>1</use>
<logicalDatatype>LOGDT011</logicalDatatype>
<ownDataTypeParameters>,,</ownDataTypeParameters>
<previousColumn>false</previousColumn>
<autoIncrementCycle>false</autoIncrementCycle>
<associations>
<colAssociation fkAssociation="85C821AA-D339-BB02-09DA-219FF77CBC40" referredColumn="36206119-25E9-AEC0-CA9D-43B095560D5F"/>
</associations>
</Column>
</columns>
<indexes itemClass="oracle.dbtools.crest.model.design.relational.Index">
<ind_PK_UK id="52ED7B2D-76DC-5F8D-B732-DC666B8E78D6" name="Salary_PK">
<createdBy>nursu</createdBy>
<createdTime>2018-04-20 19:43:43 UTC</createdTime>
<generatorID>522972FD-F4C9-68C8-B699-AC07614697F4</generatorID>
<ownerDesignName>Barbershop</ownerDesignName>
<pk>true</pk>
<indexState>Primary Constraint</indexState>
<isSurrogateKey>false</isSurrogateKey>
<indexColumnUsage>
<colUsage columnID="864FEABC-0BF2-7053-78FC-9FF9AA989F50"/>
</indexColumnUsage>
</ind_PK_UK>
<ind_PK_UK id="726F6C12-D995-3FF5-71D2-261089A340E2" name="Salary_Employee_FK">
<createdBy>nursu</createdBy>
<createdTime>2018-04-20 19:43:43 UTC</createdTime>
<generatorID>1E891EB6-D910-585B-DBD1-2164F6F63191</generatorID>
<ownerDesignName>Barbershop</ownerDesignName>
<indexState>Foreign Key</indexState>
<isSurrogateKey>false</isSurrogateKey>
<indexColumnUsage>
<colUsage columnID="63F1BA22-88E8-5F6F-9358-D278E0AE9110"/>
</indexColumnUsage>
</ind_PK_UK>
</indexes>
</Table>