<?xml version = '1.0' encoding = 'UTF-8'?>
<Table class="oracle.dbtools.crest.model.design.relational.Table" directorySegmentName="seg_0" id="E1389C76-3FA8-182F-CF6D-560A6097CA6F" name="Customer">
<createdBy>nursu</createdBy>
<createdTime>2018-04-20 19:43:43 UTC</createdTime>
<generatorID>A5114CC7-2F1B-781B-A026-2EAB8DC2947A</generatorID>
<ownerDesignName>Barbershop</ownerDesignName>
<allowColumnReorder>false</allowColumnReorder>
<existDependencyGenerateInDDl>true</existDependencyGenerateInDDl>
<parsed>true</parsed>
<columns itemClass="oracle.dbtools.crest.model.design.relational.Column">
<Column name="c_id" id="9DD72B86-B8B8-FC67-3A9B-A98C0817F533">
<createdBy>nursu</createdBy>
<createdTime>2018-04-21 18:07:00 UTC</createdTime>
<ownerDesignName>Barbershop</ownerDesignName>
<useDomainConstraints>false</useDomainConstraints>
<use>1</use>
<logicalDatatype>LOGDT011</logicalDatatype>
<ownDataTypeParameters>,,</ownDataTypeParameters>
<autoIncrementColumn>true</autoIncrementColumn>
<identityColumn>true</identityColumn>
<autoIncrementCycle>false</autoIncrementCycle>
<isSurrogateColumn>true</isSurrogateColumn>
</Column>
<Column name="c_fname" id="677239B4-B888-35C6-BA0A-A18CA6FF560C">
<createdBy>nursu</createdBy>
<createdTime>2018-04-20 19:43:43 UTC</createdTime>
<generatorID>2A1695C5-868E-B327-5085-3DCDC882C746</generatorID>
<ownerDesignName>Barbershop</ownerDesignName>
<useDomainConstraints>false</useDomainConstraints>
<use>1</use>
<logicalDatatype>LOGDT025</logicalDatatype>
<dataTypeSize>40 CHAR</dataTypeSize>
<ownDataTypeParameters>40 CHAR,,</ownDataTypeParameters>
<autoIncrementCycle>false</autoIncrementCycle>
</Column>
<Column name="c_age" id="E2628C83-2C21-7F2B-F58A-CCAE007B6B4D">
<createdBy>nursu</createdBy>
<createdTime>2018-04-20 19:43:43 UTC</createdTime>
<generatorID>D2FB9D39-8229-83CE-BF2E-88CC86EE186C</generatorID>
<ownerDesignName>Barbershop</ownerDesignName>
<nullsAllowed>true</nullsAllowed>
<useDomainConstraints>false</useDomainConstraints>
<use>1</use>
<logicalDatatype>LOGDT011</logicalDatatype>
<ownDataTypeParameters>,,</ownDataTypeParameters>
<autoIncrementCycle>false</autoIncrementCycle>
</Column>
<Column name="c_phone" id="15D81525-5EEE-49A0-7FF2-38FCC31A0C7E">
<createdBy>nursu</createdBy>
<createdTime>2018-04-20 19:43:43 UTC</createdTime>
<generatorID>AC43834F-9A98-3AB9-575F-B604D777722E</generatorID>
<ownerDesignName>Barbershop</ownerDesignName>
<useDomainConstraints>false</useDomainConstraints>
<use>1</use>
<logicalDatatype>LOGDT011</logicalDatatype>
<ownDataTypeParameters>,,</ownDataTypeParameters>
<autoIncrementCycle>false</autoIncrementCycle>
</Column>
<Column name="c_birthdate" id="F7FC32EE-D6F8-91A3-392E-07DA5BE7C0FC">
<createdBy>nursu</createdBy>
<createdTime>2018-04-20 19:43:43 UTC</createdTime>
<generatorID>323442F6-B17F-ECD3-ADEB-A195050D64FD</generatorID>
<ownerDesignName>Barbershop</ownerDesignName>
<useDomainConstraints>false</useDomainConstraints>
<use>1</use>
<logicalDatatype>LOGDT007</logicalDatatype>
<ownDataTypeParameters>,,</ownDataTypeParameters>
<autoIncrementCycle>false</autoIncrementCycle>
</Column>
<Column name="c_email" id="6561294C-4672-872F-6830-45E68EC49A41">
<createdBy>nursu</createdBy>
<createdTime>2018-04-21 15:32:31 UTC</createdTime>
<generatorID>26478097-47CB-38A8-5FA3-1C6B0F73E9F2</generatorID>
<ownerDesignName>Barbershop</ownerDesignName>
<useDomainConstraints>false</useDomainConstraints>
<use>1</use>
<logicalDatatype>LOGDT024</logicalDatatype>
<dataTypeSize>40</dataTypeSize>
<ownDataTypeParameters>40,,</ownDataTypeParameters>
<autoIncrementCycle>false</autoIncrementCycle>
</Column>
</columns>
<indexes itemClass="oracle.dbtools.crest.model.design.relational.Index">
<ind_PK_UK id="FCD3D459-CF19-95DD-E540-A0AC1ABE531B" name="Customer_PK">
<createdBy>nursu</createdBy>
<createdTime>2018-05-25 12:26:14 UTC</createdTime>
<generatorID>CBCACDBE-D5CF-38F9-1287-767F159046E3</generatorID>
<ownerDesignName>Barbershop</ownerDesignName>
<pk>true</pk>
<indexState>Primary Constraint</indexState>
<isSurrogateKey>false</isSurrogateKey>
<indexColumnUsage>
<colUsage columnID="9DD72B86-B8B8-FC67-3A9B-A98C0817F533"/>
</indexColumnUsage>
</ind_PK_UK>
</indexes>
</Table>