<?xml version = '1.0' encoding = 'UTF-8'?>
<Table class="oracle.dbtools.crest.model.design.relational.Table" directorySegmentName="seg_0" id="F97D3ABD-1EAA-9381-5D52-84227F6953EF" name="Reservation">
<createdBy>nursu</createdBy>
<createdTime>2018-04-20 19:43:43 UTC</createdTime>
<generatorID>2B40F27E-672D-5A12-C89C-A067350A389A</generatorID>
<ownerDesignName>Barbershop</ownerDesignName>
<allowColumnReorder>false</allowColumnReorder>
<existDependencyGenerateInDDl>true</existDependencyGenerateInDDl>
<parsed>true</parsed>
<columns itemClass="oracle.dbtools.crest.model.design.relational.Column">
<Column name="reserv_id" id="CEBA780A-AAE2-72DA-36BA-F7F93AC79ED8">
<createdBy>nursu</createdBy>
<createdTime>2018-05-25 12:26:14 UTC</createdTime>
<generatorID>6C6DBF44-8840-D0A7-9F40-AA7024015F70</generatorID>
<ownerDesignName>Barbershop</ownerDesignName>
<useDomainConstraints>false</useDomainConstraints>
<use>1</use>
<logicalDatatype>LOGDT011</logicalDatatype>
<ownDataTypeParameters>,,</ownDataTypeParameters>
<autoIncrementCycle>false</autoIncrementCycle>
</Column>
<Column name="reserv_date" id="3773DD33-E21A-35A5-B9DB-51E38AD1A0FF">
<createdBy>nursu</createdBy>
<createdTime>2018-05-25 11:51:31 UTC</createdTime>
<ownerDesignName>Barbershop</ownerDesignName>
<nullsAllowed>true</nullsAllowed>
<useDomainConstraints>false</useDomainConstraints>
<use>1</use>
<logicalDatatype>LOGDT007</logicalDatatype>
<ownDataTypeParameters>,,</ownDataTypeParameters>
<autoIncrementCycle>false</autoIncrementCycle>
</Column>
<Column name="b_id" id="319174B6-1437-6C06-8CF6-B4287853CD33">
<createdBy>nursu</createdBy>
<createdTime>2018-04-20 19:43:43 UTC</createdTime>
<generatorID>51E7058E-39F6-4A1D-C435-E2B1A88BC11D</generatorID>
<ownerDesignName>Barbershop</ownerDesignName>
<useDomainConstraints>false</useDomainConstraints>
<use>1</use>
<logicalDatatype>LOGDT011</logicalDatatype>
<ownDataTypeParameters>,,</ownDataTypeParameters>
<previousColumn>false</previousColumn>
<autoIncrementCycle>false</autoIncrementCycle>
<associations>
<colAssociation fkAssociation="F9B4C067-1E39-D9DF-F014-8FE7457367D0" referredColumn="E18AB00C-6F54-4808-E607-49EB7A63B3B7"/>
</associations>
</Column>
<Column name="employee_id" id="0ECA7F6D-849A-5377-88B4-1C0FF16906E2">
<createdBy>nursu</createdBy>
<createdTime>2018-04-20 19:43:43 UTC</createdTime>
<generatorID>B5B91854-51CC-A9EB-C3DD-7C507D02657D</generatorID>
<ownerDesignName>Barbershop</ownerDesignName>
<useDomainConstraints>false</useDomainConstraints>
<use>1</use>
<logicalDatatype>LOGDT011</logicalDatatype>
<ownDataTypeParameters>,,</ownDataTypeParameters>
<previousColumn>false</previousColumn>
<autoIncrementCycle>false</autoIncrementCycle>
<associations>
<colAssociation fkAssociation="C7F00176-B3AC-0624-93B9-404AAAA80479" referredColumn="36206119-25E9-AEC0-CA9D-43B095560D5F"/>
</associations>
</Column>
<Column name="service_price" id="A5DFD2E8-F6C4-0938-AEE4-00895006A3AC">
<createdBy>nursu</createdBy>
<createdTime>2018-04-20 19:43:43 UTC</createdTime>
<generatorID>D5EA80DF-1409-6124-9A49-5B626F0D2EAB</generatorID>
<ownerDesignName>Barbershop</ownerDesignName>
<useDomainConstraints>false</useDomainConstraints>
<use>1</use>
<logicalDatatype>LOGDT043</logicalDatatype>
<ownDataTypeParameters>,,</ownDataTypeParameters>
<previousColumn>false</previousColumn>
<autoIncrementCycle>false</autoIncrementCycle>
</Column>
<Column name="c_id" id="C3DCD416-F68F-3D20-5909-29A4A4BF9AAB">
<createdBy>nursu</createdBy>
<createdTime>2018-05-25 12:34:40 UTC</createdTime>
<ownerDesignName>Barbershop</ownerDesignName>
<useDomainConstraints>false</useDomainConstraints>
<use>1</use>
<logicalDatatype>LOGDT011</logicalDatatype>
<ownDataTypeParameters>,,</ownDataTypeParameters>
<previousColumn>false</previousColumn>
<autoIncrementCycle>false</autoIncrementCycle>
<associations>
<colAssociation fkAssociation="EF149F5F-561B-687F-FBC9-71477656D3DC" referredColumn="9DD72B86-B8B8-FC67-3A9B-A98C0817F533"/>
</associations>
</Column>
<Column name="service_id" id="99AC2F04-795D-AD2F-EDF8-388B5D93BA3A">
<createdBy>nursu</createdBy>
<createdTime>2018-05-25 12:35:24 UTC</createdTime>
<ownerDesignName>Barbershop</ownerDesignName>
<useDomainConstraints>false</useDomainConstraints>
<use>1</use>
<logicalDatatype>LOGDT011</logicalDatatype>
<ownDataTypeParameters>,,</ownDataTypeParameters>
<previousColumn>false</previousColumn>
<autoIncrementCycle>false</autoIncrementCycle>
<associations>
<colAssociation fkAssociation="FEAC4BE9-C8B5-B19E-39F2-F8E6851CE4F7" referredColumn="F5F88975-4997-A62C-E912-ABC415F7FD8A"/>
</associations>
</Column>
</columns>
<indexes itemClass="oracle.dbtools.crest.model.design.relational.Index">
<ind_PK_UK id="9EB3C06E-0B44-3D25-4F2F-CF35F28E8DF7" name="Reservation_PK">
<createdBy>nursu</createdBy>
<createdTime>2018-04-22 07:43:08 UTC</createdTime>
<generatorID>66F1C80D-B43B-0F90-8900-B9F38EE98907</generatorID>
<ownerDesignName>Barbershop</ownerDesignName>
<pk>true</pk>
<indexState>Primary Constraint</indexState>
<isSurrogateKey>false</isSurrogateKey>
<indexColumnUsage>
<colUsage columnID="CEBA780A-AAE2-72DA-36BA-F7F93AC79ED8"/>
</indexColumnUsage>
</ind_PK_UK>
<ind_PK_UK id="9AB43B3F-79C9-D02B-3094-9292A8DEA863" name="Reservation_Branch_FK">
<createdBy>nursu</createdBy>
<createdTime>2018-04-20 19:43:43 UTC</createdTime>
<generatorID>96AFF55B-094C-33E9-6757-9C338A2EE30F</generatorID>
<ownerDesignName>Barbershop</ownerDesignName>
<indexState>Foreign Key</indexState>
<isSurrogateKey>false</isSurrogateKey>
<indexColumnUsage>
<colUsage columnID="319174B6-1437-6C06-8CF6-B4287853CD33"/>
</indexColumnUsage>
</ind_PK_UK>
<ind_PK_UK id="25E564E1-A643-55D8-AD11-3D0054BD7190" name="Reservation_Employee_FK">
<createdBy>nursu</createdBy>
<createdTime>2018-04-20 19:43:44 UTC</createdTime>
<generatorID>D0FBE84D-A7FE-7515-D7B3-F1043A37F9E6</generatorID>
<ownerDesignName>Barbershop</ownerDesignName>
<indexState>Foreign Key</indexState>
<isSurrogateKey>false</isSurrogateKey>
<indexColumnUsage>
<colUsage columnID="0ECA7F6D-849A-5377-88B4-1C0FF16906E2"/>
</indexColumnUsage>
</ind_PK_UK>
<ind_PK_UK id="21B65B48-EFAE-0829-3384-CC6FB014CF8B" name="Reservation_Service_FK">
<createdBy>nursu</createdBy>
<createdTime>2018-04-20 19:43:44 UTC</createdTime>
<generatorID>E6461A8A-BBAF-D737-05FB-21CAC1B8BC8A</generatorID>
<ownerDesignName>Barbershop</ownerDesignName>
<indexState>Foreign Key</indexState>
<isSurrogateKey>false</isSurrogateKey>
<indexColumnUsage>
<colUsage columnID="99AC2F04-795D-AD2F-EDF8-388B5D93BA3A"/>
</indexColumnUsage>
</ind_PK_UK>
<ind_PK_UK id="DDB6437A-CEAC-ED47-128B-8631FB4B73E6" name="Reservation_Customer_FK">
<createdBy>nursu</createdBy>
<createdTime>2018-05-25 12:26:14 UTC</createdTime>
<generatorID>48184F14-F1EA-311D-B57B-D4A428185F71</generatorID>
<ownerDesignName>Barbershop</ownerDesignName>
<indexState>Foreign Key</indexState>
<isSurrogateKey>false</isSurrogateKey>
<indexColumnUsage>
<colUsage columnID="C3DCD416-F68F-3D20-5909-29A4A4BF9AAB"/>
</indexColumnUsage>
</ind_PK_UK>
</indexes>
</Table>