set echo on
create or replace 
PROCEDURE ZAPNI_CIZI_KLICE AS 
BEGIN
  FOR cur IN (select CONSTRAINT_NAME, TABLE_NAME 
             from USER_CONSTRAINTS
       where CONSTRAINT_TYPE = 'R' ) 
  LOOP
   execute immediate 'ALTER TABLE '||cur.table_name||' MODIFY CONSTRAINT
"'||cur.constraint_name||'" ENABLE VALIDATE';
  END LOOP;
END ZAPNI_CIZI_KLICE;
/
create or replace 
PROCEDURE VYPNI_CIZI_KLICE AS 
BEGIN
  for CUR in (select CONSTRAINT_NAME , TABLE_NAME 
       from USER_CONSTRAINTS
       where CONSTRAINT_TYPE = 'R' ) 
   LOOP
    execute immediate 'ALTER TABLE '||cur.table_name||' MODIFY
CONSTRAINT "'||cur.constraint_name||'" DISABLE ';
   END LOOP;
END VYPNI_CIZI_KLICE;
/
create or replace 
PROCEDURE VYMAZ_DATA_VSECH_TABULEK IS
BEGIN
  VYPNI_CIZI_KLICE;
  FOR V_REC IN (SELECT DISTINCT(TABLE_NAME) FROM USER_TABLES)
      LOOP
      EXECUTE IMMEDIATE 'truncate table '||V_REC.TABLE_NAME||' drop
storage';
      END LOOP;
  ZAPNI_CIZI_KLICE;
END VYMAZ_DATA_VSECH_TABULEK;
/
set echo on
set autocommit on
execute VYMAZ_DATA_VSECH_TABULEK()

SET ECHO ON
SET DEFINE OFF;

REM INSERTING into STAT
SET DEFINE OFF;



INSERT INTO BRANCH (b_id, b_address, b_contract, pay_date, b_requis) VALUES ('11', 'Metodejova 1968103', '7397', '20.05.2018', '8043975');
INSERT INTO BRANCH (b_id, b_address, b_contract, pay_date, b_requis) VALUES ('21', 'Seifertova 17645', '9850', '17.05.2018', '2771769');
INSERT INTO BRANCH (b_id, b_address, b_contract, pay_date, b_requis) VALUES ('31', 'Lacinova 1887111', '2957', '29.05.2018', '9804993');


INSERT INTO Goods (g_id, g_name, receipt_price, sold_price, receipt_date, sold_date) VALUES ('15', 'conditioner', '265', '659', '9.12.2017', '23.7.2017');
INSERT INTO Goods (g_id, g_name, receipt_price, sold_price, receipt_date, sold_date) VALUES ('19', 'hair dye', '133', '703', '19.3.2018', '27.2.2018');
INSERT INTO Goods (g_id, g_name, receipt_price, sold_price, receipt_date, sold_date) VALUES ('23', 'style comb', '641', '1040', '7.1.2018', '15.8.2017');
INSERT INTO Goods (g_id, g_name, receipt_price, sold_price, receipt_date, sold_date) VALUES ('27', 'style comb', '492', '829', '28.6.2017', '24.5.2017');
INSERT INTO Goods (g_id, g_name, receipt_price, sold_price, receipt_date, sold_date) VALUES ('31', 'style comb', '452', '209', '17.6.2017', '8.6.2017');
INSERT INTO Goods (g_id, g_name, receipt_price, sold_price, receipt_date, sold_date) VALUES ('35', 'pomade', '353', '1322', '4.7.2017', '16.7.2017');
INSERT INTO Goods (g_id, g_name, receipt_price, sold_price, receipt_date, sold_date) VALUES ('39', 'balsam', '106', '1037', '26.4.2018', '28.1.2018');
INSERT INTO Goods (g_id, g_name, receipt_price, sold_price, receipt_date, sold_date) VALUES ('43', 'wax', '563', '290', '27.11.2017', '20.6.2017');
INSERT INTO Goods (g_id, g_name, receipt_price, sold_price, receipt_date, sold_date) VALUES ('47', 'style comb', '239', '1002', '23.10.2017', '21.11.2017');
INSERT INTO Goods (g_id, g_name, receipt_price, sold_price, receipt_date, sold_date) VALUES ('51', 'conditioner', '208', '1420', '18.6.2017', '23.3.2018');
INSERT INTO Goods (g_id, g_name, receipt_price, sold_price, receipt_date, sold_date) VALUES ('55', 'balsam', '273', '955', '16.8.2017', '16.8.2017');
INSERT INTO Goods (g_id, g_name, receipt_price, sold_price, receipt_date, sold_date) VALUES ('59', 'beard comb', '596', '1071', '10.5.2017', '2.5.2018');
INSERT INTO Goods (g_id, g_name, receipt_price, sold_price, receipt_date, sold_date) VALUES ('63', 'balsam', '532', '716', '24.6.2017', '29.10.2017');
INSERT INTO Goods (g_id, g_name, receipt_price, sold_price, receipt_date, sold_date) VALUES ('67', 'scissors', '401', '1376', '30.5.2017', '22.7.2017');
INSERT INTO Goods (g_id, g_name, receipt_price, sold_price, receipt_date, sold_date) VALUES ('71', 'scissors', '113', '996', '10.5.2018', '17.11.2017');
INSERT INTO Goods (g_id, g_name, receipt_price, sold_price, receipt_date, sold_date) VALUES ('75', 'shampoo', '696', '453', '5.9.2017', '9.12.2017');
INSERT INTO Goods (g_id, g_name, receipt_price, sold_price, receipt_date, sold_date) VALUES ('79', 'matt clay', '135', '1304', '1.1.2018', '3.11.2017');
INSERT INTO Goods (g_id, g_name, receipt_price, sold_price, receipt_date, sold_date) VALUES ('83', 'shell comb', '128', '570', '3.11.2017', '27.2.2018');
INSERT INTO Goods (g_id, g_name, receipt_price, sold_price, receipt_date, sold_date) VALUES ('87', 'scissors', '224', '313', '21.11.2017', '14.9.2017');
INSERT INTO Goods (g_id, g_name, receipt_price, sold_price, receipt_date, sold_date) VALUES ('91', 'beard comb', '262', '1035', '2.5.2018', '21.2.2018');
INSERT INTO Goods (g_id, g_name, receipt_price, sold_price, receipt_date, sold_date) VALUES ('95', 'wax', '591', '332', '30.9.2017', '4.8.2017');
INSERT INTO Goods (g_id, g_name, receipt_price, sold_price, receipt_date, sold_date) VALUES ('99', 'style comb', '550', '518', '20.3.2018', '19.12.2017');
INSERT INTO Goods (g_id, g_name, receipt_price, sold_price, receipt_date, sold_date) VALUES ('103', 'style comb', '482', '445', '3.7.2017', '19.10.2017');
INSERT INTO Goods (g_id, g_name, receipt_price, sold_price, receipt_date, sold_date) VALUES ('107', 'shell comb', '539', '641', '26.6.2017', '14.4.2018');
INSERT INTO Goods (g_id, g_name, receipt_price, sold_price, receipt_date, sold_date) VALUES ('111', 'beard comb', '527', '821', '26.2.2018', '17.7.2017');
INSERT INTO Goods (g_id, g_name, receipt_price, sold_price, receipt_date, sold_date) VALUES ('115', 'scissors', '350', '1406', '26.6.2017', '25.3.2018');
INSERT INTO Goods (g_id, g_name, receipt_price, sold_price, receipt_date, sold_date) VALUES ('119', 'hair dye', '206', '1135', '9.5.2018', '11.2.2018');
INSERT INTO Goods (g_id, g_name, receipt_price, sold_price, receipt_date, sold_date) VALUES ('123', 'beard comb', '319', '1450', '27.12.2017', '2.8.2017');
INSERT INTO Goods (g_id, g_name, receipt_price, sold_price, receipt_date, sold_date) VALUES ('127', 'hair dye', '163', '413', '9.5.2018', '20.3.2018');
INSERT INTO Goods (g_id, g_name, receipt_price, sold_price, receipt_date, sold_date) VALUES ('131', 'scissors', '196', '1365', '29.3.2018', '6.9.2017');
INSERT INTO Goods (g_id, g_name, receipt_price, sold_price, receipt_date, sold_date) VALUES ('135', 'aftershave moisturizer', '406', '1464', '2.10.2017', '3.7.2017');
INSERT INTO Goods (g_id, g_name, receipt_price, sold_price, receipt_date, sold_date) VALUES ('139', 'hair dye', '680', '426', '27.4.2018', '23.1.2018');
INSERT INTO Goods (g_id, g_name, receipt_price, sold_price, receipt_date, sold_date) VALUES ('143', 'conditioner', '624', '162', '6.5.2018', '3.3.2018');
INSERT INTO Goods (g_id, g_name, receipt_price, sold_price, receipt_date, sold_date) VALUES ('147', 'beard balm', '467', '868', '18.12.2017', '7.4.2018');
INSERT INTO Goods (g_id, g_name, receipt_price, sold_price, receipt_date, sold_date) VALUES ('151', 'wax', '463', '453', '14.3.2018', '29.10.2017');
INSERT INTO Goods (g_id, g_name, receipt_price, sold_price, receipt_date, sold_date) VALUES ('155', 'matt clay', '190', '1085', '26.8.2017', '21.2.2018');
INSERT INTO Goods (g_id, g_name, receipt_price, sold_price, receipt_date, sold_date) VALUES ('159', 'conditioner', '494', '241', '25.2.2018', '29.11.2017');
INSERT INTO Goods (g_id, g_name, receipt_price, sold_price, receipt_date, sold_date) VALUES ('163', 'pomade', '574', '707', '10.5.2018', '7.7.2017');
INSERT INTO Goods (g_id, g_name, receipt_price, sold_price, receipt_date, sold_date) VALUES ('167', 'pomade', '695', '723', '25.11.2017', '2.8.2017');
INSERT INTO Goods (g_id, g_name, receipt_price, sold_price, receipt_date, sold_date) VALUES ('171', 'scissors', '497', '807', '6.8.2017', '2.5.2018');
INSERT INTO Goods (g_id, g_name, receipt_price, sold_price, receipt_date, sold_date) VALUES ('175', 'shampoo', '191', '1017', '24.1.2018', '3.6.2017');
INSERT INTO Goods (g_id, g_name, receipt_price, sold_price, receipt_date, sold_date) VALUES ('179', 'shave cream', '558', '945', '12.3.2018', '23.10.2017');
INSERT INTO Goods (g_id, g_name, receipt_price, sold_price, receipt_date, sold_date) VALUES ('183', 'hair dye', '354', '265', '6.8.2017', '10.4.2018');
INSERT INTO Goods (g_id, g_name, receipt_price, sold_price, receipt_date, sold_date) VALUES ('187', 'shell comb', '366', '515', '23.9.2017', '13.3.2018');
INSERT INTO Goods (g_id, g_name, receipt_price, sold_price, receipt_date, sold_date) VALUES ('191', 'wax', '371', '1084', '26.11.2017', '7.10.2017');
INSERT INTO Goods (g_id, g_name, receipt_price, sold_price, receipt_date, sold_date) VALUES ('195', 'scissors', '662', '982', '8.9.2017', '17.6.2017');
INSERT INTO Goods (g_id, g_name, receipt_price, sold_price, receipt_date, sold_date) VALUES ('199', 'scissors', '182', '637', '19.1.2018', '13.12.2017');
INSERT INTO Goods (g_id, g_name, receipt_price, sold_price, receipt_date, sold_date) VALUES ('203', 'scissors', '435', '953', '22.3.2018', '5.10.2017');
INSERT INTO Goods (g_id, g_name, receipt_price, sold_price, receipt_date, sold_date) VALUES ('207', 'beard comb', '672', '818', '28.2.2018', '8.12.2017');
INSERT INTO Goods (g_id, g_name, receipt_price, sold_price, receipt_date, sold_date) VALUES ('211', 'pomade', '191', '145', '17.2.2018', '3.6.2017');
INSERT INTO Goods (g_id, g_name, receipt_price, sold_price, receipt_date, sold_date) VALUES ('215', 'hair dye', '104', '733', '21.7.2017', '17.4.2018');
INSERT INTO Goods (g_id, g_name, receipt_price, sold_price, receipt_date, sold_date) VALUES ('219', 'beard balm', '168', '1408', '5.12.2017', '24.6.2017');
INSERT INTO Goods (g_id, g_name, receipt_price, sold_price, receipt_date, sold_date) VALUES ('223', 'conditioner', '596', '965', '5.1.2018', '11.12.2017');
INSERT INTO Goods (g_id, g_name, receipt_price, sold_price, receipt_date, sold_date) VALUES ('227', 'conditioner', '479', '1205', '5.8.2017', '23.7.2017');
INSERT INTO Goods (g_id, g_name, receipt_price, sold_price, receipt_date, sold_date) VALUES ('231', 'shampoo', '168', '767', '13.9.2017', '22.10.2017');
INSERT INTO Goods (g_id, g_name, receipt_price, sold_price, receipt_date, sold_date) VALUES ('235', 'pomade', '390', '460', '15.6.2017', '4.2.2018');
INSERT INTO Goods (g_id, g_name, receipt_price, sold_price, receipt_date, sold_date) VALUES ('239', 'quiff roller', '580', '350', '17.6.2017', '5.6.2017');
INSERT INTO Goods (g_id, g_name, receipt_price, sold_price, receipt_date, sold_date) VALUES ('243', 'quiff roller', '291', '958', '1.5.2018', '10.3.2018');
INSERT INTO Goods (g_id, g_name, receipt_price, sold_price, receipt_date, sold_date) VALUES ('247', 'conditioner', '476', '1413', '3.2.2018', '7.3.2018');
INSERT INTO Goods (g_id, g_name, receipt_price, sold_price, receipt_date, sold_date) VALUES ('251', 'pomade', '467', '107', '29.10.2017', '29.11.2017');
INSERT INTO Goods (g_id, g_name, receipt_price, sold_price, receipt_date, sold_date) VALUES ('255', 'hair dye', '189', '1165', '26.3.2018', '29.11.2017');
INSERT INTO Goods (g_id, g_name, receipt_price, sold_price, receipt_date, sold_date) VALUES ('259', 'aftershave moisturizer', '382', '528', '12.7.2017', '14.12.2017');
INSERT INTO Goods (g_id, g_name, receipt_price, sold_price, receipt_date, sold_date) VALUES ('263', 'beard comb', '448', '472', '3.7.2017', '25.7.2017');
INSERT INTO Goods (g_id, g_name, receipt_price, sold_price, receipt_date, sold_date) VALUES ('267', 'cream', '671', '759', '22.6.2017', '17.2.2018');
INSERT INTO Goods (g_id, g_name, receipt_price, sold_price, receipt_date, sold_date) VALUES ('271', 'shave cream', '553', '120', '22.2.2018', '13.10.2017');
INSERT INTO Goods (g_id, g_name, receipt_price, sold_price, receipt_date, sold_date) VALUES ('275', 'beard balm', '413', '1229', '23.4.2018', '19.1.2018');
INSERT INTO Goods (g_id, g_name, receipt_price, sold_price, receipt_date, sold_date) VALUES ('279', 'matt clay', '513', '224', '11.9.2017', '8.3.2018');
INSERT INTO Goods (g_id, g_name, receipt_price, sold_price, receipt_date, sold_date) VALUES ('283', 'balsam', '233', '450', '4.4.2018', '11.4.2018');
INSERT INTO Goods (g_id, g_name, receipt_price, sold_price, receipt_date, sold_date) VALUES ('287', 'quiff roller', '522', '390', '29.11.2017', '5.9.2017');
INSERT INTO Goods (g_id, g_name, receipt_price, sold_price, receipt_date, sold_date) VALUES ('291', 'beard balm', '178', '336', '8.5.2018', '9.10.2017');
INSERT INTO Goods (g_id, g_name, receipt_price, sold_price, receipt_date, sold_date) VALUES ('295', 'aftershave moisturizer', '107', '1422', '9.1.2018', '24.6.2017');
INSERT INTO Goods (g_id, g_name, receipt_price, sold_price, receipt_date, sold_date) VALUES ('299', 'aftershave moisturizer', '145', '604', '10.11.2017', '17.4.2018');
INSERT INTO Goods (g_id, g_name, receipt_price, sold_price, receipt_date, sold_date) VALUES ('303', 'pomade', '79', '1309', '7.12.2017', '19.11.2017');
INSERT INTO Goods (g_id, g_name, receipt_price, sold_price, receipt_date, sold_date) VALUES ('307', 'hair dye', '597', '1238', '7.5.2018', '29.10.2017');
INSERT INTO Goods (g_id, g_name, receipt_price, sold_price, receipt_date, sold_date) VALUES ('311', 'wax', '568', '1013', '12.11.2017', '21.9.2017');
INSERT INTO Goods (g_id, g_name, receipt_price, sold_price, receipt_date, sold_date) VALUES ('315', 'cream', '199', '728', '8.9.2017', '20.3.2018');
INSERT INTO Goods (g_id, g_name, receipt_price, sold_price, receipt_date, sold_date) VALUES ('319', 'aftershave moisturizer', '247', '1442', '7.5.2017', '13.9.2017');
INSERT INTO Goods (g_id, g_name, receipt_price, sold_price, receipt_date, sold_date) VALUES ('323', 'hair dye', '532', '691', '20.1.2018', '21.9.2017');
INSERT INTO Goods (g_id, g_name, receipt_price, sold_price, receipt_date, sold_date) VALUES ('327', 'beard comb', '623', '1272', '5.5.2017', '25.5.2018');
INSERT INTO Goods (g_id, g_name, receipt_price, sold_price, receipt_date, sold_date) VALUES ('331', 'shampoo', '164', '647', '24.9.2017', '9.6.2017');
INSERT INTO Goods (g_id, g_name, receipt_price, sold_price, receipt_date, sold_date) VALUES ('335', 'quiff roller', '680', '254', '15.6.2017', '7.2.2018');
INSERT INTO Goods (g_id, g_name, receipt_price, sold_price, receipt_date, sold_date) VALUES ('339', 'shell comb', '587', '159', '23.4.2018', '12.1.2018');
INSERT INTO Goods (g_id, g_name, receipt_price, sold_price, receipt_date, sold_date) VALUES ('343', 'shampoo', '348', '991', '3.7.2017', '23.5.2017');
INSERT INTO Goods (g_id, g_name, receipt_price, sold_price, receipt_date, sold_date) VALUES ('347', 'quiff roller', '631', '1184', '7.11.2017', '15.1.2018');
INSERT INTO Goods (g_id, g_name, receipt_price, sold_price, receipt_date, sold_date) VALUES ('351', 'matt clay', '624', '101', '30.7.2017', '27.4.2018');
INSERT INTO Goods (g_id, g_name, receipt_price, sold_price, receipt_date, sold_date) VALUES ('355', 'beard comb', '349', '238', '3.1.2018', '25.11.2017');
INSERT INTO Goods (g_id, g_name, receipt_price, sold_price, receipt_date, sold_date) VALUES ('359', 'shampoo', '210', '1291', '2.1.2018', '17.8.2017');
INSERT INTO Goods (g_id, g_name, receipt_price, sold_price, receipt_date, sold_date) VALUES ('363', 'shave cream', '498', '735', '17.7.2017', '18.8.2017');
INSERT INTO Goods (g_id, g_name, receipt_price, sold_price, receipt_date, sold_date) VALUES ('367', 'beard balm', '563', '1328', '12.7.2017', '19.6.2017');
INSERT INTO Goods (g_id, g_name, receipt_price, sold_price, receipt_date, sold_date) VALUES ('371', 'pomade', '314', '180', '7.9.2017', '21.10.2017');
INSERT INTO Goods (g_id, g_name, receipt_price, sold_price, receipt_date, sold_date) VALUES ('375', 'quiff roller', '583', '927', '27.10.2017', '18.2.2018');
INSERT INTO Goods (g_id, g_name, receipt_price, sold_price, receipt_date, sold_date) VALUES ('379', 'cream', '698', '643', '6.4.2018', '5.7.2017');
INSERT INTO Goods (g_id, g_name, receipt_price, sold_price, receipt_date, sold_date) VALUES ('383', 'pomade', '685', '1084', '14.3.2018', '8.2.2018');
INSERT INTO Goods (g_id, g_name, receipt_price, sold_price, receipt_date, sold_date) VALUES ('387', 'hair dye', '122', '461', '30.1.2018', '18.10.2017');
INSERT INTO Goods (g_id, g_name, receipt_price, sold_price, receipt_date, sold_date) VALUES ('391', 'matt clay', '185', '1397', '17.2.2018', '17.6.2017');
INSERT INTO Goods (g_id, g_name, receipt_price, sold_price, receipt_date, sold_date) VALUES ('395', 'shampoo', '150', '1101', '29.11.2017', '15.2.2018');
INSERT INTO Goods (g_id, g_name, receipt_price, sold_price, receipt_date, sold_date) VALUES ('399', 'shave cream', '295', '181', '2.9.2017', '14.9.2017');
INSERT INTO Goods (g_id, g_name, receipt_price, sold_price, receipt_date, sold_date) VALUES ('403', 'cream', '693', '984', '17.5.2017', '13.7.2017');
INSERT INTO Goods (g_id, g_name, receipt_price, sold_price, receipt_date, sold_date) VALUES ('407', 'shell comb', '522', '1324', '19.10.2017', '26.5.2017');
INSERT INTO Goods (g_id, g_name, receipt_price, sold_price, receipt_date, sold_date) VALUES ('411', 'wax', '390', '478', '15.5.2017', '16.5.2017');
INSERT INTO Goods (g_id, g_name, receipt_price, sold_price, receipt_date, sold_date) VALUES ('415', 'shell comb', '653', '858', '11.9.2017', '6.5.2018');
INSERT INTO Goods (g_id, g_name, receipt_price, sold_price, receipt_date, sold_date) VALUES ('419', 'beard comb', '583', '708', '14.9.2017', '6.1.2018');
INSERT INTO Goods (g_id, g_name, receipt_price, sold_price, receipt_date, sold_date) VALUES ('423', 'style comb', '260', '664', '27.7.2017', '29.9.2017');
INSERT INTO Goods (g_id, g_name, receipt_price, sold_price, receipt_date, sold_date) VALUES ('427', 'balsam', '558', '1292', '25.11.2017', '19.1.2018');
INSERT INTO Goods (g_id, g_name, receipt_price, sold_price, receipt_date, sold_date) VALUES ('431', 'conditioner', '285', '613', '13.9.2017', '5.2.2018');
INSERT INTO Goods (g_id, g_name, receipt_price, sold_price, receipt_date, sold_date) VALUES ('435', 'beard comb', '580', '521', '13.3.2018', '29.11.2017');
INSERT INTO Goods (g_id, g_name, receipt_price, sold_price, receipt_date, sold_date) VALUES ('439', 'conditioner', '558', '1210', '10.4.2018', '4.2.2018');
INSERT INTO Goods (g_id, g_name, receipt_price, sold_price, receipt_date, sold_date) VALUES ('443', 'beard balm', '104', '487', '8.11.2017', '17.9.2017');
INSERT INTO Goods (g_id, g_name, receipt_price, sold_price, receipt_date, sold_date) VALUES ('447', 'cream', '106', '678', '14.6.2017', '10.5.2017');
INSERT INTO Goods (g_id, g_name, receipt_price, sold_price, receipt_date, sold_date) VALUES ('451', 'quiff roller', '328', '1473', '3.11.2017', '16.8.2017');
INSERT INTO Goods (g_id, g_name, receipt_price, sold_price, receipt_date, sold_date) VALUES ('455', 'wax', '242', '889', '29.12.2017', '15.7.2017');
INSERT INTO Goods (g_id, g_name, receipt_price, sold_price, receipt_date, sold_date) VALUES ('459', 'quiff roller', '554', '356', '9.2.2018', '12.11.2017');
INSERT INTO Goods (g_id, g_name, receipt_price, sold_price, receipt_date, sold_date) VALUES ('463', 'balsam', '496', '1081', '20.9.2017', '21.5.2017');
INSERT INTO Goods (g_id, g_name, receipt_price, sold_price, receipt_date, sold_date) VALUES ('467', 'beard balm', '176', '1010', '28.9.2017', '5.1.2018');
INSERT INTO Goods (g_id, g_name, receipt_price, sold_price, receipt_date, sold_date) VALUES ('471', 'aftershave moisturizer', '562', '928', '12.4.2018', '14.3.2018');
INSERT INTO Goods (g_id, g_name, receipt_price, sold_price, receipt_date, sold_date) VALUES ('475', 'shampoo', '495', '865', '17.10.2017', '24.3.2018');
INSERT INTO Goods (g_id, g_name, receipt_price, sold_price, receipt_date, sold_date) VALUES ('479', 'beard comb', '646', '356', '19.2.2018', '28.6.2017');
INSERT INTO Goods (g_id, g_name, receipt_price, sold_price, receipt_date, sold_date) VALUES ('483', 'wax', '356', '363', '7.12.2017', '17.10.2017');
INSERT INTO Goods (g_id, g_name, receipt_price, sold_price, receipt_date, sold_date) VALUES ('487', 'wax', '107', '277', '5.10.2017', '2.9.2017');
INSERT INTO Goods (g_id, g_name, receipt_price, sold_price, receipt_date, sold_date) VALUES ('491', 'aftershave moisturizer', '366', '529', '1.12.2017', '29.6.2017');
INSERT INTO Goods (g_id, g_name, receipt_price, sold_price, receipt_date, sold_date) VALUES ('495', 'pomade', '70', '1350', '9.12.2017', '16.10.2017');
INSERT INTO Goods (g_id, g_name, receipt_price, sold_price, receipt_date, sold_date) VALUES ('499', 'wax', '322', '777', '28.12.2017', '4.6.2017');
INSERT INTO Goods (g_id, g_name, receipt_price, sold_price, receipt_date, sold_date) VALUES ('503', 'aftershave moisturizer', '248', '1468', '18.11.2017', '4.1.2018');
INSERT INTO Goods (g_id, g_name, receipt_price, sold_price, receipt_date, sold_date) VALUES ('507', 'matt clay', '188', '155', '6.12.2017', '25.7.2017');
INSERT INTO Goods (g_id, g_name, receipt_price, sold_price, receipt_date, sold_date) VALUES ('511', 'cream', '118', '1113', '25.8.2017', '5.9.2017');
INSERT INTO Goods (g_id, g_name, receipt_price, sold_price, receipt_date, sold_date) VALUES ('515', 'beard comb', '611', '391', '6.7.2017', '26.4.2018');
INSERT INTO Goods (g_id, g_name, receipt_price, sold_price, receipt_date, sold_date) VALUES ('519', 'cream', '693', '846', '27.8.2017', '22.5.2017');
INSERT INTO Goods (g_id, g_name, receipt_price, sold_price, receipt_date, sold_date) VALUES ('523', 'quiff roller', '338', '1071', '21.4.2018', '15.3.2018');
INSERT INTO Goods (g_id, g_name, receipt_price, sold_price, receipt_date, sold_date) VALUES ('527', 'shell comb', '604', '1473', '9.9.2017', '29.7.2017');
INSERT INTO Goods (g_id, g_name, receipt_price, sold_price, receipt_date, sold_date) VALUES ('531', 'shell comb', '371', '696', '1.5.2018', '23.7.2017');
INSERT INTO Goods (g_id, g_name, receipt_price, sold_price, receipt_date, sold_date) VALUES ('535', 'style comb', '669', '1479', '12.4.2018', '18.8.2017');
INSERT INTO Goods (g_id, g_name, receipt_price, sold_price, receipt_date, sold_date) VALUES ('539', 'beard comb', '655', '474', '6.9.2017', '13.11.2017');
INSERT INTO Goods (g_id, g_name, receipt_price, sold_price, receipt_date, sold_date) VALUES ('543', 'shave cream', '410', '458', '6.4.2018', '23.10.2017');
INSERT INTO Goods (g_id, g_name, receipt_price, sold_price, receipt_date, sold_date) VALUES ('547', 'shell comb', '432', '668', '19.1.2018', '8.9.2017');
INSERT INTO Goods (g_id, g_name, receipt_price, sold_price, receipt_date, sold_date) VALUES ('551', 'quiff roller', '161', '499', '20.1.2018', '2.10.2017');
INSERT INTO Goods (g_id, g_name, receipt_price, sold_price, receipt_date, sold_date) VALUES ('555', 'beard comb', '622', '1190', '15.11.2017', '10.10.2017');
INSERT INTO Goods (g_id, g_name, receipt_price, sold_price, receipt_date, sold_date) VALUES ('559', 'pomade', '426', '348', '17.5.2017', '6.9.2017');
INSERT INTO Goods (g_id, g_name, receipt_price, sold_price, receipt_date, sold_date) VALUES ('563', 'shell comb', '698', '633', '25.2.2018', '18.8.2017');
INSERT INTO Goods (g_id, g_name, receipt_price, sold_price, receipt_date, sold_date) VALUES ('567', 'quiff roller', '316', '522', '1.7.2017', '2.3.2018');
INSERT INTO Goods (g_id, g_name, receipt_price, sold_price, receipt_date, sold_date) VALUES ('571', 'balsam', '501', '219', '14.8.2017', '28.11.2017');
INSERT INTO Goods (g_id, g_name, receipt_price, sold_price, receipt_date, sold_date) VALUES ('575', 'quiff roller', '301', '418', '1.9.2017', '26.7.2017');
INSERT INTO Goods (g_id, g_name, receipt_price, sold_price, receipt_date, sold_date) VALUES ('579', 'quiff roller', '149', '351', '14.5.2017', '23.6.2017');
INSERT INTO Goods (g_id, g_name, receipt_price, sold_price, receipt_date, sold_date) VALUES ('583', 'shave cream', '676', '1075', '10.2.2018', '7.11.2017');
INSERT INTO Goods (g_id, g_name, receipt_price, sold_price, receipt_date, sold_date) VALUES ('587', 'quiff roller', '593', '594', '30.1.2018', '26.9.2017');
INSERT INTO Goods (g_id, g_name, receipt_price, sold_price, receipt_date, sold_date) VALUES ('591', 'shampoo', '265', '383', '4.9.2017', '27.9.2017');
INSERT INTO Goods (g_id, g_name, receipt_price, sold_price, receipt_date, sold_date) VALUES ('595', 'matt clay', '341', '1269', '23.4.2018', '21.5.2018');
INSERT INTO Goods (g_id, g_name, receipt_price, sold_price, receipt_date, sold_date) VALUES ('599', 'beard comb', '539', '1222', '15.6.2017', '16.5.2018');
INSERT INTO Goods (g_id, g_name, receipt_price, sold_price, receipt_date, sold_date) VALUES ('603', 'style comb', '140', '1275', '12.12.2017', '8.5.2017');
INSERT INTO Goods (g_id, g_name, receipt_price, sold_price, receipt_date, sold_date) VALUES ('607', 'shampoo', '634', '576', '30.3.2018', '22.5.2018');
INSERT INTO Goods (g_id, g_name, receipt_price, sold_price, receipt_date, sold_date) VALUES ('611', 'cream', '568', '328', '31.8.2017', '6.2.2018');
INSERT INTO Goods (g_id, g_name, receipt_price, sold_price, receipt_date, sold_date) VALUES ('615', 'balsam', '330', '399', '20.11.2017', '10.4.2018');
INSERT INTO Goods (g_id, g_name, receipt_price, sold_price, receipt_date, sold_date) VALUES ('619', 'aftershave moisturizer', '480', '541', '14.12.2017', '29.11.2017');
INSERT INTO Goods (g_id, g_name, receipt_price, sold_price, receipt_date, sold_date) VALUES ('623', 'matt clay', '331', '1469', '17.4.2018', '15.9.2017');
INSERT INTO Goods (g_id, g_name, receipt_price, sold_price, receipt_date, sold_date) VALUES ('627', 'style comb', '70', '1112', '22.9.2017', '20.8.2017');
INSERT INTO Goods (g_id, g_name, receipt_price, sold_price, receipt_date, sold_date) VALUES ('631', 'cream', '172', '794', '8.1.2018', '17.11.2017');
INSERT INTO Goods (g_id, g_name, receipt_price, sold_price, receipt_date, sold_date) VALUES ('635', 'cream', '70', '586', '10.11.2017', '8.5.2017');
INSERT INTO Goods (g_id, g_name, receipt_price, sold_price, receipt_date, sold_date) VALUES ('639', 'conditioner', '604', '223', '22.1.2018', '8.1.2018');
INSERT INTO Goods (g_id, g_name, receipt_price, sold_price, receipt_date, sold_date) VALUES ('643', 'shell comb', '654', '475', '10.12.2017', '16.7.2017');
INSERT INTO Goods (g_id, g_name, receipt_price, sold_price, receipt_date, sold_date) VALUES ('647', 'pomade', '347', '159', '3.11.2017', '14.6.2017');
INSERT INTO Goods (g_id, g_name, receipt_price, sold_price, receipt_date, sold_date) VALUES ('651', 'wax', '180', '1320', '21.2.2018', '23.8.2017');
INSERT INTO Goods (g_id, g_name, receipt_price, sold_price, receipt_date, sold_date) VALUES ('655', 'wax', '321', '1356', '21.1.2018', '28.6.2017');
INSERT INTO Goods (g_id, g_name, receipt_price, sold_price, receipt_date, sold_date) VALUES ('659', 'balsam', '84', '178', '12.6.2017', '13.4.2018');
INSERT INTO Goods (g_id, g_name, receipt_price, sold_price, receipt_date, sold_date) VALUES ('663', 'pomade', '94', '839', '10.5.2017', '14.1.2018');
INSERT INTO Goods (g_id, g_name, receipt_price, sold_price, receipt_date, sold_date) VALUES ('667', 'conditioner', '618', '968', '28.8.2017', '30.3.2018');
INSERT INTO Goods (g_id, g_name, receipt_price, sold_price, receipt_date, sold_date) VALUES ('671', 'shave cream', '583', '611', '17.5.2017', '11.3.2018');
INSERT INTO Goods (g_id, g_name, receipt_price, sold_price, receipt_date, sold_date) VALUES ('675', 'shell comb', '75', '926', '22.12.2017', '13.11.2017');
INSERT INTO Goods (g_id, g_name, receipt_price, sold_price, receipt_date, sold_date) VALUES ('679', 'quiff roller', '87', '818', '20.2.2018', '12.2.2018');
INSERT INTO Goods (g_id, g_name, receipt_price, sold_price, receipt_date, sold_date) VALUES ('683', 'conditioner', '75', '1071', '24.3.2018', '9.11.2017');
INSERT INTO Goods (g_id, g_name, receipt_price, sold_price, receipt_date, sold_date) VALUES ('687', 'shampoo', '72', '979', '26.3.2018', '16.1.2018');
INSERT INTO Goods (g_id, g_name, receipt_price, sold_price, receipt_date, sold_date) VALUES ('691', 'hair dye', '434', '181', '7.12.2017', '27.7.2017');
INSERT INTO Goods (g_id, g_name, receipt_price, sold_price, receipt_date, sold_date) VALUES ('695', 'beard comb', '244', '809', '5.6.2017', '6.9.2017');
INSERT INTO Goods (g_id, g_name, receipt_price, sold_price, receipt_date, sold_date) VALUES ('699', 'hair dye', '194', '1252', '23.6.2017', '16.7.2017');
INSERT INTO Goods (g_id, g_name, receipt_price, sold_price, receipt_date, sold_date) VALUES ('703', 'matt clay', '697', '218', '1.8.2017', '2.8.2017');
INSERT INTO Goods (g_id, g_name, receipt_price, sold_price, receipt_date, sold_date) VALUES ('707', 'aftershave moisturizer', '316', '1494', '12.5.2017', '16.4.2018');
INSERT INTO Goods (g_id, g_name, receipt_price, sold_price, receipt_date, sold_date) VALUES ('711', 'aftershave moisturizer', '145', '274', '11.12.2017', '10.5.2018');
INSERT INTO Goods (g_id, g_name, receipt_price, sold_price, receipt_date, sold_date) VALUES ('715', 'matt clay', '607', '362', '17.10.2017', '7.12.2017');
INSERT INTO Goods (g_id, g_name, receipt_price, sold_price, receipt_date, sold_date) VALUES ('719', 'shampoo', '460', '932', '26.6.2017', '12.10.2017');
INSERT INTO Goods (g_id, g_name, receipt_price, sold_price, receipt_date, sold_date) VALUES ('723', 'hair dye', '423', '506', '5.5.2018', '27.5.2017');
INSERT INTO Goods (g_id, g_name, receipt_price, sold_price, receipt_date, sold_date) VALUES ('727', 'conditioner', '414', '379', '15.5.2018', '23.7.2017');
INSERT INTO Goods (g_id, g_name, receipt_price, sold_price, receipt_date, sold_date) VALUES ('731', 'aftershave moisturizer', '675', '1397', '28.3.2018', '19.2.2018');
INSERT INTO Goods (g_id, g_name, receipt_price, sold_price, receipt_date, sold_date) VALUES ('735', 'shell comb', '356', '1311', '18.3.2018', '10.5.2018');
INSERT INTO Goods (g_id, g_name, receipt_price, sold_price, receipt_date, sold_date) VALUES ('739', 'matt clay', '339', '360', '20.5.2017', '11.8.2017');
INSERT INTO Goods (g_id, g_name, receipt_price, sold_price, receipt_date, sold_date) VALUES ('743', 'wax', '195', '1344', '16.12.2017', '10.4.2018');
INSERT INTO Goods (g_id, g_name, receipt_price, sold_price, receipt_date, sold_date) VALUES ('747', 'pomade', '675', '862', '19.9.2017', '21.9.2017');
INSERT INTO Goods (g_id, g_name, receipt_price, sold_price, receipt_date, sold_date) VALUES ('751', 'style comb', '136', '869', '17.4.2018', '29.6.2017');
INSERT INTO Goods (g_id, g_name, receipt_price, sold_price, receipt_date, sold_date) VALUES ('755', 'shell comb', '517', '180', '26.9.2017', '22.3.2018');
INSERT INTO Goods (g_id, g_name, receipt_price, sold_price, receipt_date, sold_date) VALUES ('759', 'shave cream', '117', '1210', '20.3.2018', '29.1.2018');
INSERT INTO Goods (g_id, g_name, receipt_price, sold_price, receipt_date, sold_date) VALUES ('763', 'quiff roller', '695', '651', '28.5.2017', '12.4.2018');
INSERT INTO Goods (g_id, g_name, receipt_price, sold_price, receipt_date, sold_date) VALUES ('767', 'beard comb', '556', '390', '2.3.2018', '2.10.2017');
INSERT INTO Goods (g_id, g_name, receipt_price, sold_price, receipt_date, sold_date) VALUES ('771', 'shave cream', '81', '158', '25.1.2018', '5.3.2018');
INSERT INTO Goods (g_id, g_name, receipt_price, sold_price, receipt_date, sold_date) VALUES ('775', 'shampoo', '484', '435', '5.2.2018', '22.9.2017');
INSERT INTO Goods (g_id, g_name, receipt_price, sold_price, receipt_date, sold_date) VALUES ('779', 'pomade', '399', '222', '2.3.2018', '22.2.2018');
INSERT INTO Goods (g_id, g_name, receipt_price, sold_price, receipt_date, sold_date) VALUES ('783', 'conditioner', '318', '1356', '4.5.2017', '24.9.2017');
INSERT INTO Goods (g_id, g_name, receipt_price, sold_price, receipt_date, sold_date) VALUES ('787', 'quiff roller', '345', '535', '10.11.2017', '4.12.2017');
INSERT INTO Goods (g_id, g_name, receipt_price, sold_price, receipt_date, sold_date) VALUES ('791', 'pomade', '586', '812', '13.8.2017', '9.5.2018');
INSERT INTO Goods (g_id, g_name, receipt_price, sold_price, receipt_date, sold_date) VALUES ('795', 'quiff roller', '593', '264', '4.3.2018', '26.9.2017');
INSERT INTO Goods (g_id, g_name, receipt_price, sold_price, receipt_date, sold_date) VALUES ('799', 'aftershave moisturizer', '231', '371', '22.9.2017', '21.4.2018');
INSERT INTO Goods (g_id, g_name, receipt_price, sold_price, receipt_date, sold_date) VALUES ('803', 'pomade', '456', '279', '17.8.2017', '29.6.2017');
INSERT INTO Goods (g_id, g_name, receipt_price, sold_price, receipt_date, sold_date) VALUES ('807', 'style comb', '267', '1072', '16.5.2017', '27.6.2017');
INSERT INTO Goods (g_id, g_name, receipt_price, sold_price, receipt_date, sold_date) VALUES ('811', 'quiff roller', '271', '1023', '29.3.2018', '12.1.2018');
INSERT INTO Goods (g_id, g_name, receipt_price, sold_price, receipt_date, sold_date) VALUES ('815', 'cream', '409', '439', '30.5.2017', '1.6.2017');
INSERT INTO Goods (g_id, g_name, receipt_price, sold_price, receipt_date, sold_date) VALUES ('819', 'quiff roller', '618', '811', '14.2.2018', '26.10.2017');
INSERT INTO Goods (g_id, g_name, receipt_price, sold_price, receipt_date, sold_date) VALUES ('823', 'shell comb', '439', '1323', '4.1.2018', '28.5.2017');
INSERT INTO Goods (g_id, g_name, receipt_price, sold_price, receipt_date, sold_date) VALUES ('827', 'shampoo', '347', '1414', '9.11.2017', '23.4.2018');
INSERT INTO Goods (g_id, g_name, receipt_price, sold_price, receipt_date, sold_date) VALUES ('831', 'balsam', '157', '1283', '21.3.2018', '24.3.2018');
INSERT INTO Goods (g_id, g_name, receipt_price, sold_price, receipt_date, sold_date) VALUES ('835', 'shave cream', '640', '116', '5.3.2018', '19.4.2018');
INSERT INTO Goods (g_id, g_name, receipt_price, sold_price, receipt_date, sold_date) VALUES ('839', 'matt clay', '449', '393', '3.7.2017', '4.2.2018');
INSERT INTO Goods (g_id, g_name, receipt_price, sold_price, receipt_date, sold_date) VALUES ('843', 'wax', '516', '839', '17.4.2018', '29.12.2017');
INSERT INTO Goods (g_id, g_name, receipt_price, sold_price, receipt_date, sold_date) VALUES ('847', 'shampoo', '97', '245', '10.9.2017', '24.8.2017');
INSERT INTO Goods (g_id, g_name, receipt_price, sold_price, receipt_date, sold_date) VALUES ('851', 'matt clay', '356', '985', '21.12.2017', '18.1.2018');
INSERT INTO Goods (g_id, g_name, receipt_price, sold_price, receipt_date, sold_date) VALUES ('855', 'quiff roller', '673', '413', '17.9.2017', '24.1.2018');
INSERT INTO Goods (g_id, g_name, receipt_price, sold_price, receipt_date, sold_date) VALUES ('859', 'cream', '458', '1324', '6.10.2017', '3.4.2018');
INSERT INTO Goods (g_id, g_name, receipt_price, sold_price, receipt_date, sold_date) VALUES ('863', 'balsam', '697', '273', '19.5.2017', '31.5.2017');
INSERT INTO Goods (g_id, g_name, receipt_price, sold_price, receipt_date, sold_date) VALUES ('867', 'hair dye', '571', '599', '23.10.2017', '28.7.2017');
INSERT INTO Goods (g_id, g_name, receipt_price, sold_price, receipt_date, sold_date) VALUES ('871', 'shell comb', '83', '804', '13.5.2017', '17.2.2018');
INSERT INTO Goods (g_id, g_name, receipt_price, sold_price, receipt_date, sold_date) VALUES ('875', 'pomade', '599', '772', '11.4.2018', '15.3.2018');
INSERT INTO Goods (g_id, g_name, receipt_price, sold_price, receipt_date, sold_date) VALUES ('879', 'matt clay', '351', '394', '17.4.2018', '9.6.2017');
INSERT INTO Goods (g_id, g_name, receipt_price, sold_price, receipt_date, sold_date) VALUES ('883', 'quiff roller', '112', '993', '18.5.2017', '2.7.2017');
INSERT INTO Goods (g_id, g_name, receipt_price, sold_price, receipt_date, sold_date) VALUES ('887', 'hair dye', '368', '853', '21.11.2017', '17.9.2017');
INSERT INTO Goods (g_id, g_name, receipt_price, sold_price, receipt_date, sold_date) VALUES ('891', 'shave cream', '110', '1142', '13.5.2017', '15.3.2018');
INSERT INTO Goods (g_id, g_name, receipt_price, sold_price, receipt_date, sold_date) VALUES ('895', 'style comb', '668', '449', '25.4.2018', '28.7.2017');
INSERT INTO Goods (g_id, g_name, receipt_price, sold_price, receipt_date, sold_date) VALUES ('899', 'aftershave moisturizer', '312', '863', '8.12.2017', '8.5.2018');
INSERT INTO Goods (g_id, g_name, receipt_price, sold_price, receipt_date, sold_date) VALUES ('903', 'pomade', '669', '1465', '13.10.2017', '20.6.2017');
INSERT INTO Goods (g_id, g_name, receipt_price, sold_price, receipt_date, sold_date) VALUES ('907', 'aftershave moisturizer', '551', '269', '30.3.2018', '23.7.2017');
INSERT INTO Goods (g_id, g_name, receipt_price, sold_price, receipt_date, sold_date) VALUES ('911', 'wax', '449', '1017', '23.10.2017', '19.4.2018');
INSERT INTO Goods (g_id, g_name, receipt_price, sold_price, receipt_date, sold_date) VALUES ('915', 'matt clay', '599', '1161', '11.5.2018', '19.8.2017');
INSERT INTO Goods (g_id, g_name, receipt_price, sold_price, receipt_date, sold_date) VALUES ('919', 'beard comb', '588', '1177', '15.3.2018', '2.9.2017');
INSERT INTO Goods (g_id, g_name, receipt_price, sold_price, receipt_date, sold_date) VALUES ('923', 'hair dye', '642', '203', '19.5.2017', '28.2.2018');
INSERT INTO Goods (g_id, g_name, receipt_price, sold_price, receipt_date, sold_date) VALUES ('927', 'hair dye', '300', '925', '21.5.2017', '11.2.2018');
INSERT INTO Goods (g_id, g_name, receipt_price, sold_price, receipt_date, sold_date) VALUES ('931', 'beard balm', '319', '1325', '21.11.2017', '2.12.2017');
INSERT INTO Goods (g_id, g_name, receipt_price, sold_price, receipt_date, sold_date) VALUES ('935', 'beard comb', '189', '1271', '19.5.2018', '6.6.2017');
INSERT INTO Goods (g_id, g_name, receipt_price, sold_price, receipt_date, sold_date) VALUES ('939', 'hair dye', '116', '1253', '30.5.2017', '26.1.2018');
INSERT INTO Goods (g_id, g_name, receipt_price, sold_price, receipt_date, sold_date) VALUES ('943', 'aftershave moisturizer', '529', '735', '4.11.2017', '18.6.2017');
INSERT INTO Goods (g_id, g_name, receipt_price, sold_price, receipt_date, sold_date) VALUES ('947', 'shell comb', '388', '1470', '18.8.2017', '17.7.2017');
INSERT INTO Goods (g_id, g_name, receipt_price, sold_price, receipt_date, sold_date) VALUES ('951', 'shell comb', '331', '909', '13.7.2017', '28.5.2017');
INSERT INTO Goods (g_id, g_name, receipt_price, sold_price, receipt_date, sold_date) VALUES ('955', 'wax', '555', '315', '28.8.2017', '19.10.2017');
INSERT INTO Goods (g_id, g_name, receipt_price, sold_price, receipt_date, sold_date) VALUES ('959', 'wax', '230', '662', '21.12.2017', '15.3.2018');
INSERT INTO Goods (g_id, g_name, receipt_price, sold_price, receipt_date, sold_date) VALUES ('963', 'style comb', '442', '1264', '15.5.2017', '21.7.2017');
INSERT INTO Goods (g_id, g_name, receipt_price, sold_price, receipt_date, sold_date) VALUES ('967', 'shell comb', '293', '554', '14.9.2017', '2.7.2017');
INSERT INTO Goods (g_id, g_name, receipt_price, sold_price, receipt_date, sold_date) VALUES ('971', 'wax', '591', '528', '13.1.2018', '5.5.2018');
INSERT INTO Goods (g_id, g_name, receipt_price, sold_price, receipt_date, sold_date) VALUES ('975', 'aftershave moisturizer', '189', '1085', '20.7.2017', '30.6.2017');
INSERT INTO Goods (g_id, g_name, receipt_price, sold_price, receipt_date, sold_date) VALUES ('979', 'beard comb', '461', '411', '31.12.2017', '22.3.2018');
INSERT INTO Goods (g_id, g_name, receipt_price, sold_price, receipt_date, sold_date) VALUES ('983', 'aftershave moisturizer', '518', '1355', '11.6.2017', '7.6.2017');
INSERT INTO Goods (g_id, g_name, receipt_price, sold_price, receipt_date, sold_date) VALUES ('987', 'conditioner', '623', '280', '15.10.2017', '23.11.2017');
INSERT INTO Goods (g_id, g_name, receipt_price, sold_price, receipt_date, sold_date) VALUES ('991', 'style comb', '692', '232', '7.7.2017', '28.4.2018');
INSERT INTO Goods (g_id, g_name, receipt_price, sold_price, receipt_date, sold_date) VALUES ('995', 'shampoo', '432', '289', '25.12.2017', '26.4.2018');
INSERT INTO Goods (g_id, g_name, receipt_price, sold_price, receipt_date, sold_date) VALUES ('999', 'shampoo', '218', '243', '10.8.2017', '9.7.2017');
INSERT INTO Goods (g_id, g_name, receipt_price, sold_price, receipt_date, sold_date) VALUES ('1003', 'beard balm', '138', '892', '18.8.2017', '20.3.2018');
INSERT INTO Goods (g_id, g_name, receipt_price, sold_price, receipt_date, sold_date) VALUES ('1007', 'beard comb', '120', '755', '22.3.2018', '9.3.2018');
INSERT INTO Goods (g_id, g_name, receipt_price, sold_price, receipt_date, sold_date) VALUES ('1011', 'matt clay', '357', '868', '7.3.2018', '1.11.2017');
INSERT INTO Goods (g_id, g_name, receipt_price, sold_price, receipt_date, sold_date) VALUES ('1015', 'aftershave moisturizer', '178', '445', '4.6.2017', '22.11.2017');
INSERT INTO Goods (g_id, g_name, receipt_price, sold_price, receipt_date, sold_date) VALUES ('1019', 'quiff roller', '397', '616', '14.2.2018', '10.8.2017');
INSERT INTO Goods (g_id, g_name, receipt_price, sold_price, receipt_date, sold_date) VALUES ('1023', 'beard comb', '471', '1460', '26.1.2018', '19.3.2018');
INSERT INTO Goods (g_id, g_name, receipt_price, sold_price, receipt_date, sold_date) VALUES ('1027', 'balsam', '639', '1242', '8.7.2017', '16.4.2018');
INSERT INTO Goods (g_id, g_name, receipt_price, sold_price, receipt_date, sold_date) VALUES ('1031', 'shell comb', '681', '488', '12.10.2017', '5.2.2018');
INSERT INTO Goods (g_id, g_name, receipt_price, sold_price, receipt_date, sold_date) VALUES ('1035', 'beard balm', '644', '289', '23.1.2018', '21.5.2018');
INSERT INTO Goods (g_id, g_name, receipt_price, sold_price, receipt_date, sold_date) VALUES ('1039', 'pomade', '527', '382', '28.7.2017', '14.2.2018');
INSERT INTO Goods (g_id, g_name, receipt_price, sold_price, receipt_date, sold_date) VALUES ('1043', 'shell comb', '619', '506', '3.5.2018', '5.10.2017');
INSERT INTO Goods (g_id, g_name, receipt_price, sold_price, receipt_date, sold_date) VALUES ('1047', 'quiff roller', '112', '1400', '3.3.2018', '15.2.2018');
INSERT INTO Goods (g_id, g_name, receipt_price, sold_price, receipt_date, sold_date) VALUES ('1051', 'shave cream', '420', '1364', '15.1.2018', '31.12.2017');
INSERT INTO Goods (g_id, g_name, receipt_price, sold_price, receipt_date, sold_date) VALUES ('1055', 'aftershave moisturizer', '244', '771', '29.10.2017', '13.10.2017');
INSERT INTO Goods (g_id, g_name, receipt_price, sold_price, receipt_date, sold_date) VALUES ('1059', 'beard comb', '513', '1166', '4.2.2018', '17.5.2018');
INSERT INTO Goods (g_id, g_name, receipt_price, sold_price, receipt_date, sold_date) VALUES ('1063', 'shave cream', '562', '1061', '25.4.2018', '17.12.2017');
INSERT INTO Goods (g_id, g_name, receipt_price, sold_price, receipt_date, sold_date) VALUES ('1067', 'aftershave moisturizer', '671', '152', '21.8.2017', '8.1.2018');
INSERT INTO Goods (g_id, g_name, receipt_price, sold_price, receipt_date, sold_date) VALUES ('1071', 'hair dye', '114', '1082', '7.9.2017', '9.5.2017');
INSERT INTO Goods (g_id, g_name, receipt_price, sold_price, receipt_date, sold_date) VALUES ('1075', 'shell comb', '285', '151', '25.10.2017', '7.4.2018');
INSERT INTO Goods (g_id, g_name, receipt_price, sold_price, receipt_date, sold_date) VALUES ('1079', 'beard balm', '385', '773', '24.11.2017', '5.1.2018');
INSERT INTO Goods (g_id, g_name, receipt_price, sold_price, receipt_date, sold_date) VALUES ('1083', 'shave cream', '315', '997', '4.5.2017', '30.11.2017');
INSERT INTO Goods (g_id, g_name, receipt_price, sold_price, receipt_date, sold_date) VALUES ('1087', 'shell comb', '589', '104', '5.1.2018', '29.11.2017');
INSERT INTO Goods (g_id, g_name, receipt_price, sold_price, receipt_date, sold_date) VALUES ('1091', 'pomade', '408', '1015', '22.4.2018', '9.9.2017');
INSERT INTO Goods (g_id, g_name, receipt_price, sold_price, receipt_date, sold_date) VALUES ('1095', 'shampoo', '285', '634', '25.12.2017', '16.4.2018');
INSERT INTO Goods (g_id, g_name, receipt_price, sold_price, receipt_date, sold_date) VALUES ('1099', 'cream', '381', '957', '17.1.2018', '22.8.2017');
INSERT INTO Goods (g_id, g_name, receipt_price, sold_price, receipt_date, sold_date) VALUES ('1103', 'style comb', '566', '872', '15.8.2017', '19.5.2017');
INSERT INTO Goods (g_id, g_name, receipt_price, sold_price, receipt_date, sold_date) VALUES ('1107', 'beard balm', '511', '832', '6.1.2018', '21.7.2017');
INSERT INTO Goods (g_id, g_name, receipt_price, sold_price, receipt_date, sold_date) VALUES ('1111', 'balsam', '237', '1254', '26.11.2017', '20.4.2018');
INSERT INTO Goods (g_id, g_name, receipt_price, sold_price, receipt_date, sold_date) VALUES ('1115', 'balsam', '478', '1269', '13.11.2017', '23.5.2017');
INSERT INTO Goods (g_id, g_name, receipt_price, sold_price, receipt_date, sold_date) VALUES ('1119', 'beard comb', '146', '536', '22.12.2017', '6.10.2017');
INSERT INTO Goods (g_id, g_name, receipt_price, sold_price, receipt_date, sold_date) VALUES ('1123', 'conditioner', '90', '936', '22.9.2017', '5.12.2017');
INSERT INTO Goods (g_id, g_name, receipt_price, sold_price, receipt_date, sold_date) VALUES ('1127', 'quiff roller', '582', '872', '5.7.2017', '10.7.2017');
INSERT INTO Goods (g_id, g_name, receipt_price, sold_price, receipt_date, sold_date) VALUES ('1131', 'beard comb', '145', '276', '6.11.2017', '24.12.2017');
INSERT INTO Goods (g_id, g_name, receipt_price, sold_price, receipt_date, sold_date) VALUES ('1135', 'aftershave moisturizer', '264', '194', '22.11.2017', '22.1.2018');
INSERT INTO Goods (g_id, g_name, receipt_price, sold_price, receipt_date, sold_date) VALUES ('1139', 'cream', '147', '1375', '7.12.2017', '30.11.2017');
INSERT INTO Goods (g_id, g_name, receipt_price, sold_price, receipt_date, sold_date) VALUES ('1143', 'style comb', '547', '1193', '12.6.2017', '31.10.2017');
INSERT INTO Goods (g_id, g_name, receipt_price, sold_price, receipt_date, sold_date) VALUES ('1147', 'beard comb', '422', '139', '17.10.2017', '6.8.2017');
INSERT INTO Goods (g_id, g_name, receipt_price, sold_price, receipt_date, sold_date) VALUES ('1151', 'matt clay', '298', '405', '27.9.2017', '15.7.2017');
INSERT INTO Goods (g_id, g_name, receipt_price, sold_price, receipt_date, sold_date) VALUES ('1155', 'shampoo', '379', '1394', '27.11.2017', '13.5.2018');
INSERT INTO Goods (g_id, g_name, receipt_price, sold_price, receipt_date, sold_date) VALUES ('1159', 'quiff roller', '695', '823', '23.2.2018', '7.8.2017');
INSERT INTO Goods (g_id, g_name, receipt_price, sold_price, receipt_date, sold_date) VALUES ('1163', 'quiff roller', '429', '1081', '6.2.2018', '3.8.2017');
INSERT INTO Goods (g_id, g_name, receipt_price, sold_price, receipt_date, sold_date) VALUES ('1167', 'quiff roller', '345', '1431', '20.3.2018', '15.10.2017');
INSERT INTO Goods (g_id, g_name, receipt_price, sold_price, receipt_date, sold_date) VALUES ('1171', 'hair dye', '105', '476', '30.11.2017', '30.3.2018');
INSERT INTO Goods (g_id, g_name, receipt_price, sold_price, receipt_date, sold_date) VALUES ('1175', 'aftershave moisturizer', '322', '293', '12.9.2017', '19.11.2017');
INSERT INTO Goods (g_id, g_name, receipt_price, sold_price, receipt_date, sold_date) VALUES ('1179', 'hair dye', '85', '202', '20.11.2017', '10.3.2018');
INSERT INTO Goods (g_id, g_name, receipt_price, sold_price, receipt_date, sold_date) VALUES ('1183', 'pomade', '87', '132', '14.8.2017', '2.5.2018');
INSERT INTO Goods (g_id, g_name, receipt_price, sold_price, receipt_date, sold_date) VALUES ('1187', 'quiff roller', '192', '1162', '21.9.2017', '5.3.2018');
INSERT INTO Goods (g_id, g_name, receipt_price, sold_price, receipt_date, sold_date) VALUES ('1191', 'balsam', '461', '433', '16.5.2017', '3.4.2018');
INSERT INTO Goods (g_id, g_name, receipt_price, sold_price, receipt_date, sold_date) VALUES ('1195', 'shell comb', '687', '1349', '5.5.2017', '18.7.2017');
INSERT INTO Goods (g_id, g_name, receipt_price, sold_price, receipt_date, sold_date) VALUES ('1199', 'pomade', '695', '136', '26.1.2018', '7.4.2018');
INSERT INTO Goods (g_id, g_name, receipt_price, sold_price, receipt_date, sold_date) VALUES ('1203', 'shave cream', '165', '826', '17.12.2017', '22.5.2018');
INSERT INTO Goods (g_id, g_name, receipt_price, sold_price, receipt_date, sold_date) VALUES ('1207', 'beard balm', '562', '284', '10.5.2018', '14.5.2017');
INSERT INTO Goods (g_id, g_name, receipt_price, sold_price, receipt_date, sold_date) VALUES ('1211', 'shell comb', '348', '1383', '4.5.2017', '6.2.2018');



INSERT INTO Customer (c_id, c_fname, c_age, c_phone, c_birthdate, c_email) VALUES ('25', 'Jaroslav Polak', '29', '420702380808', '22.2.1991', 'Polak.Jaroslavseznam.cz');
INSERT INTO Customer (c_id, c_fname, c_age, c_phone, c_birthdate, c_email) VALUES ('32', 'Emilie Kosova', '56', '420729482377', '19.2.1978', 'Kosova.Emilieseznam.cz');
INSERT INTO Customer (c_id, c_fname, c_age, c_phone, c_birthdate, c_email) VALUES ('39', 'Borek Vyskocil', '37', '420602228889', '9.5.1977', 'Vyskocil.Borekseznam.cz');
INSERT INTO Customer (c_id, c_fname, c_age, c_phone, c_birthdate, c_email) VALUES ('46', 'Boleslav Zalesky', '54', '420733472914', '6.7.1957', 'Zalesky.Boleslavseznam.cz');
INSERT INTO Customer (c_id, c_fname, c_age, c_phone, c_birthdate, c_email) VALUES ('53', 'Emanuel Klas', '50', '420736643026', '26.9.1979', 'Klas.Emanuelseznam.cz');
INSERT INTO Customer (c_id, c_fname, c_age, c_phone, c_birthdate, c_email) VALUES ('60', 'Blazena Justova', '72', '420773751123', '24.1.1994', 'Justova.Blazenaseznam.cz');
INSERT INTO Customer (c_id, c_fname, c_age, c_phone, c_birthdate, c_email) VALUES ('67', 'Kveta Rodova', '56', '420730215314', '23.12.1948', 'Rodova.Kvetaseznam.cz');
INSERT INTO Customer (c_id, c_fname, c_age, c_phone, c_birthdate, c_email) VALUES ('74', 'Anna Bouchalova', '73', '420727715287', '21.5.1969', 'Bouchalova.Annaseznam.cz');
INSERT INTO Customer (c_id, c_fname, c_age, c_phone, c_birthdate, c_email) VALUES ('81', 'Ema Palova', '58', '420726955137', '23.5.1960', 'Palova.Emaseznam.cz');
INSERT INTO Customer (c_id, c_fname, c_age, c_phone, c_birthdate, c_email) VALUES ('88', 'Marina Neprasova', '41', '420732721115', '3.9.1974', 'Neprasova.Marinaseznam.cz');
INSERT INTO Customer (c_id, c_fname, c_age, c_phone, c_birthdate, c_email) VALUES ('95', 'Eliska Srpova', '48', '420603944782', '30.7.1945', 'Srpova.Eliskaseznam.cz');
INSERT INTO Customer (c_id, c_fname, c_age, c_phone, c_birthdate, c_email) VALUES ('102', 'Cyril Holman', '16', '420736798935', '10.1.1947', 'Holman.Cyrilseznam.cz');
INSERT INTO Customer (c_id, c_fname, c_age, c_phone, c_birthdate, c_email) VALUES ('109', 'Alzbeta Pinkavova', '42', '420770425791', '23.12.1997', 'Pinkavova.Alzbetaseznam.cz');
INSERT INTO Customer (c_id, c_fname, c_age, c_phone, c_birthdate, c_email) VALUES ('116', 'Izabela Berankova', '24', '420775748157', '28.7.1977', 'Berankova.Izabelaseznam.cz');
INSERT INTO Customer (c_id, c_fname, c_age, c_phone, c_birthdate, c_email) VALUES ('123', 'Regina Manaskova', '53', '420723541641', '2.1.2002', 'Manaskova.Reginaseznam.cz');
INSERT INTO Customer (c_id, c_fname, c_age, c_phone, c_birthdate, c_email) VALUES ('130', 'Jirina svrckova', '49', '420729896742', '13.6.1955', 'svrckova.Jirinaseznam.cz');
INSERT INTO Customer (c_id, c_fname, c_age, c_phone, c_birthdate, c_email) VALUES ('137', 'Adolf Vyborny', '33', '420739667272', '6.6.2001', 'Vyborny.Adolfseznam.cz');
INSERT INTO Customer (c_id, c_fname, c_age, c_phone, c_birthdate, c_email) VALUES ('144', 'Dorota Schulzova', '33', '420738405311', '13.12.1948', 'Schulzova.Dorotaseznam.cz');
INSERT INTO Customer (c_id, c_fname, c_age, c_phone, c_birthdate, c_email) VALUES ('151', 'Viktor Bulir', '40', '420605359523', '4.11.1962', 'Bulir.Viktorseznam.cz');
INSERT INTO Customer (c_id, c_fname, c_age, c_phone, c_birthdate, c_email) VALUES ('158', 'Jan Juranek', '45', '420776713201', '14.5.1945', 'Juranek.Janseznam.cz');
INSERT INTO Customer (c_id, c_fname, c_age, c_phone, c_birthdate, c_email) VALUES ('165', 'David Veprek', '20', '420777397910', '14.9.1976', 'Veprek.Davidseznam.cz');
INSERT INTO Customer (c_id, c_fname, c_age, c_phone, c_birthdate, c_email) VALUES ('172', 'Miluse Barosova', '14', '420736624368', '9.12.1988', 'Barosova.Miluseseznam.cz');
INSERT INTO Customer (c_id, c_fname, c_age, c_phone, c_birthdate, c_email) VALUES ('179', 'Radana Kolinkova', '22', '420608928126', '2.5.1952', 'Kolinkova.Radanaseznam.cz');
INSERT INTO Customer (c_id, c_fname, c_age, c_phone, c_birthdate, c_email) VALUES ('186', 'Karel Dolansky', '39', '420604908375', '5.8.2000', 'Dolansky.Karelseznam.cz');
INSERT INTO Customer (c_id, c_fname, c_age, c_phone, c_birthdate, c_email) VALUES ('193', 'Ondrej Vocasek', '39', '420601408812', '19.5.1945', 'Vocasek.Ondrejseznam.cz');
INSERT INTO Customer (c_id, c_fname, c_age, c_phone, c_birthdate, c_email) VALUES ('200', 'Miloslav Pudil', '28', '420603431391', '6.9.1972', 'Pudil.Miloslavseznam.cz');
INSERT INTO Customer (c_id, c_fname, c_age, c_phone, c_birthdate, c_email) VALUES ('207', 'Venceslav Sobek', '62', '420726148411', '31.12.1964', 'Sobek.Venceslavseznam.cz');
INSERT INTO Customer (c_id, c_fname, c_age, c_phone, c_birthdate, c_email) VALUES ('214', 'Robert Vrbicky', '71', '420730540525', '30.4.2003', 'Vrbicky.Robertseznam.cz');
INSERT INTO Customer (c_id, c_fname, c_age, c_phone, c_birthdate, c_email) VALUES ('221', 'Erik Bajgar', '18', '420739904893', '20.1.1960', 'Bajgar.Erikseznam.cz');
INSERT INTO Customer (c_id, c_fname, c_age, c_phone, c_birthdate, c_email) VALUES ('228', 'Drahoslava Samkova', '73', '420777488902', '28.1.1964', 'Samkova.Drahoslavaseznam.cz');
INSERT INTO Customer (c_id, c_fname, c_age, c_phone, c_birthdate, c_email) VALUES ('235', 'Eliska Manasova', '42', '420606975135', '7.9.1966', 'Manasova.Eliskaseznam.cz');
INSERT INTO Customer (c_id, c_fname, c_age, c_phone, c_birthdate, c_email) VALUES ('242', 'Sava Wiesnerova', '64', '420777257814', '13.3.1983', 'Wiesnerova.Savaseznam.cz');
INSERT INTO Customer (c_id, c_fname, c_age, c_phone, c_birthdate, c_email) VALUES ('249', 'Petra skodova', '40', '420606664817', '2.6.1969', 'skodova.Petraseznam.cz');
INSERT INTO Customer (c_id, c_fname, c_age, c_phone, c_birthdate, c_email) VALUES ('256', 'Romana Uchytilova', '18', '420728583235', '20.4.1970', 'Uchytilova.Romanaseznam.cz');
INSERT INTO Customer (c_id, c_fname, c_age, c_phone, c_birthdate, c_email) VALUES ('263', 'sarka Psenickova', '73', '420739859920', '17.2.1946', 'Psenickova.sarkaseznam.cz');
INSERT INTO Customer (c_id, c_fname, c_age, c_phone, c_birthdate, c_email) VALUES ('270', 'Bohumil Prokes', '26', '420727847709', '30.11.1970', 'Prokes.Bohumilseznam.cz');
INSERT INTO Customer (c_id, c_fname, c_age, c_phone, c_birthdate, c_email) VALUES ('277', 'Karolina Mladkova', '55', '420736504991', '7.8.1995', 'Mladkova.Karolinaseznam.cz');
INSERT INTO Customer (c_id, c_fname, c_age, c_phone, c_birthdate, c_email) VALUES ('284', 'Miloslava Grossova', '43', '420603403574', '11.10.1980', 'Grossova.Miloslavaseznam.cz');
INSERT INTO Customer (c_id, c_fname, c_age, c_phone, c_birthdate, c_email) VALUES ('291', 'Radana Rybova', '56', '420720391795', '25.1.1964', 'Rybova.Radanaseznam.cz');
INSERT INTO Customer (c_id, c_fname, c_age, c_phone, c_birthdate, c_email) VALUES ('298', 'Denisa Andrlikova', '16', '420603722634', '17.8.2004', 'Andrlikova.Denisaseznam.cz');
INSERT INTO Customer (c_id, c_fname, c_age, c_phone, c_birthdate, c_email) VALUES ('305', 'Richard Mandik', '71', '420731626993', '24.2.1996', 'Mandik.Richardseznam.cz');
INSERT INTO Customer (c_id, c_fname, c_age, c_phone, c_birthdate, c_email) VALUES ('312', 'Lydie Mertova', '57', '420738911245', '13.1.1963', 'Mertova.Lydieseznam.cz');
INSERT INTO Customer (c_id, c_fname, c_age, c_phone, c_birthdate, c_email) VALUES ('319', 'Ludek Eder', '35', '420607879716', '27.8.1955', 'Eder.Ludekseznam.cz');
INSERT INTO Customer (c_id, c_fname, c_age, c_phone, c_birthdate, c_email) VALUES ('326', 'Jindriska Krpcova', '43', '420720120626', '13.2.1956', 'Krpcova.Jindriskaseznam.cz');
INSERT INTO Customer (c_id, c_fname, c_age, c_phone, c_birthdate, c_email) VALUES ('333', 'Ilona safarova', '59', '420721403247', '6.11.1995', 'safarova.Ilonaseznam.cz');
INSERT INTO Customer (c_id, c_fname, c_age, c_phone, c_birthdate, c_email) VALUES ('340', 'Laura Pipkova', '52', '420770805488', '27.2.1955', 'Pipkova.Lauraseznam.cz');
INSERT INTO Customer (c_id, c_fname, c_age, c_phone, c_birthdate, c_email) VALUES ('347', 'Jakub Sladky', '47', '420738142028', '6.10.2002', 'Sladky.Jakubseznam.cz');
INSERT INTO Customer (c_id, c_fname, c_age, c_phone, c_birthdate, c_email) VALUES ('354', 'Viola Jezkova', '15', '420738692336', '6.3.1995', 'Jezkova.Violaseznam.cz');
INSERT INTO Customer (c_id, c_fname, c_age, c_phone, c_birthdate, c_email) VALUES ('361', 'Ivona Jureckova', '39', '420601203641', '2.8.1979', 'Jureckova.Ivonaseznam.cz');
INSERT INTO Customer (c_id, c_fname, c_age, c_phone, c_birthdate, c_email) VALUES ('368', 'Rene Hort', '14', '420731300882', '26.7.1995', 'Hort.Reneseznam.cz');
INSERT INTO Customer (c_id, c_fname, c_age, c_phone, c_birthdate, c_email) VALUES ('375', 'cenek Henzl', '55', '420736141160', '2.5.1987', 'Henzl.cenekseznam.cz');
INSERT INTO Customer (c_id, c_fname, c_age, c_phone, c_birthdate, c_email) VALUES ('382', 'Sandra Prokopova', '75', '420722437632', '6.11.1990', 'Prokopova.Sandraseznam.cz');
INSERT INTO Customer (c_id, c_fname, c_age, c_phone, c_birthdate, c_email) VALUES ('389', 'Natasa Stiborova', '57', '420605851464', '25.2.1967', 'Stiborova.Natasaseznam.cz');
INSERT INTO Customer (c_id, c_fname, c_age, c_phone, c_birthdate, c_email) VALUES ('396', 'Tamara Wiesnerova', '40', '420722399015', '14.2.1957', 'Wiesnerova.Tamaraseznam.cz');
INSERT INTO Customer (c_id, c_fname, c_age, c_phone, c_birthdate, c_email) VALUES ('403', 'Vladan Krcal', '58', '420606342115', '11.10.1951', 'Krcal.Vladanseznam.cz');
INSERT INTO Customer (c_id, c_fname, c_age, c_phone, c_birthdate, c_email) VALUES ('410', 'Lumir Vancura', '42', '420726670057', '19.9.1948', 'Vancura.Lumirseznam.cz');
INSERT INTO Customer (c_id, c_fname, c_age, c_phone, c_birthdate, c_email) VALUES ('417', 'Valentyn Krejsa', '34', '420723789178', '9.8.1949', 'Krejsa.Valentynseznam.cz');
INSERT INTO Customer (c_id, c_fname, c_age, c_phone, c_birthdate, c_email) VALUES ('424', 'Andrej Sedlar', '36', '420727714159', '20.5.1978', 'Sedlar.Andrejseznam.cz');
INSERT INTO Customer (c_id, c_fname, c_age, c_phone, c_birthdate, c_email) VALUES ('431', 'Ingrid Bartlova', '59', '420721943231', '26.4.1961', 'Bartlova.Ingridseznam.cz');
INSERT INTO Customer (c_id, c_fname, c_age, c_phone, c_birthdate, c_email) VALUES ('438', 'Zdenek Trefil', '45', '420603178308', '11.1.2002', 'Trefil.Zdenekseznam.cz');
INSERT INTO Customer (c_id, c_fname, c_age, c_phone, c_birthdate, c_email) VALUES ('445', 'Mariana Bacikova', '17', '420776599129', '9.1.1972', 'Bacikova.Marianaseznam.cz');
INSERT INTO Customer (c_id, c_fname, c_age, c_phone, c_birthdate, c_email) VALUES ('452', 'Matous Grygar', '58', '420732184680', '15.6.1986', 'Grygar.Matousseznam.cz');
INSERT INTO Customer (c_id, c_fname, c_age, c_phone, c_birthdate, c_email) VALUES ('459', 'Daniel Svatek', '30', '420733658360', '11.8.1977', 'Svatek.Danielseznam.cz');
INSERT INTO Customer (c_id, c_fname, c_age, c_phone, c_birthdate, c_email) VALUES ('466', 'Vlastislav zalud', '48', '420725956521', '5.7.2002', 'zalud.Vlastislavseznam.cz');
INSERT INTO Customer (c_id, c_fname, c_age, c_phone, c_birthdate, c_email) VALUES ('473', 'Borek Hlavac', '37', '420774222110', '2.12.1966', 'Hlavac.Borekseznam.cz');
INSERT INTO Customer (c_id, c_fname, c_age, c_phone, c_birthdate, c_email) VALUES ('480', 'Zora Foltova', '58', '420604714696', '21.5.1988', 'Foltova.Zoraseznam.cz');
INSERT INTO Customer (c_id, c_fname, c_age, c_phone, c_birthdate, c_email) VALUES ('487', 'Kazimir Vencl', '59', '420723714135', '15.11.1978', 'Vencl.Kazimirseznam.cz');
INSERT INTO Customer (c_id, c_fname, c_age, c_phone, c_birthdate, c_email) VALUES ('494', 'Nadezda Pavkova', '66', '420732444838', '25.10.1949', 'Pavkova.Nadezdaseznam.cz');
INSERT INTO Customer (c_id, c_fname, c_age, c_phone, c_birthdate, c_email) VALUES ('501', 'Evelina Vavrinova', '13', '420724848553', '17.12.1945', 'Vavrinova.Evelinaseznam.cz');
INSERT INTO Customer (c_id, c_fname, c_age, c_phone, c_birthdate, c_email) VALUES ('508', 'Albina Kupcova', '36', '420729347246', '12.1.2004', 'Kupcova.Albinaseznam.cz');
INSERT INTO Customer (c_id, c_fname, c_age, c_phone, c_birthdate, c_email) VALUES ('515', 'Vladimir Houska', '19', '420724804523', '25.12.1967', 'Houska.Vladimirseznam.cz');
INSERT INTO Customer (c_id, c_fname, c_age, c_phone, c_birthdate, c_email) VALUES ('522', 'Ester Jurkova', '51', '420720128352', '11.3.1953', 'Jurkova.Esterseznam.cz');
INSERT INTO Customer (c_id, c_fname, c_age, c_phone, c_birthdate, c_email) VALUES ('529', 'Mariana Ondrakova', '15', '420720511457', '3.12.1986', 'Ondrakova.Marianaseznam.cz');
INSERT INTO Customer (c_id, c_fname, c_age, c_phone, c_birthdate, c_email) VALUES ('536', 'Silvestr sebesta', '12', '420721685134', '11.10.1979', 'sebesta.Silvestrseznam.cz');
INSERT INTO Customer (c_id, c_fname, c_age, c_phone, c_birthdate, c_email) VALUES ('543', 'Dominik Fulin', '57', '420728740169', '27.8.1961', 'Fulin.Dominikseznam.cz');
INSERT INTO Customer (c_id, c_fname, c_age, c_phone, c_birthdate, c_email) VALUES ('550', 'Ludek Kralik', '17', '420775436355', '9.11.1974', 'Kralik.Ludekseznam.cz');
INSERT INTO Customer (c_id, c_fname, c_age, c_phone, c_birthdate, c_email) VALUES ('557', 'Zora Strizova', '19', '420728615265', '6.11.2003', 'Strizova.Zoraseznam.cz');
INSERT INTO Customer (c_id, c_fname, c_age, c_phone, c_birthdate, c_email) VALUES ('564', 'Blanka Fenclova', '50', '420723564605', '23.12.1983', 'Fenclova.Blankaseznam.cz');
INSERT INTO Customer (c_id, c_fname, c_age, c_phone, c_birthdate, c_email) VALUES ('571', 'Sona Grundzova', '31', '420773493936', '20.4.1956', 'Grundzova.Sonaseznam.cz');
INSERT INTO Customer (c_id, c_fname, c_age, c_phone, c_birthdate, c_email) VALUES ('578', 'Valerie Kreckova', '67', '420602107175', '28.12.1993', 'Kreckova.Valerieseznam.cz');
INSERT INTO Customer (c_id, c_fname, c_age, c_phone, c_birthdate, c_email) VALUES ('585', 'Vladena Pecenkova', '22', '420770350455', '22.10.1958', 'Pecenkova.Vladenaseznam.cz');
INSERT INTO Customer (c_id, c_fname, c_age, c_phone, c_birthdate, c_email) VALUES ('592', 'Nina Mareckova', '17', '420777359178', '3.11.1991', 'Mareckova.Ninaseznam.cz');
INSERT INTO Customer (c_id, c_fname, c_age, c_phone, c_birthdate, c_email) VALUES ('599', 'Kazimir Vasku', '36', '420731313482', '15.7.1990', 'Vasku.Kazimirseznam.cz');
INSERT INTO Customer (c_id, c_fname, c_age, c_phone, c_birthdate, c_email) VALUES ('606', 'Lumir Topic', '40', '420731633948', '15.8.1985', 'Topic.Lumirseznam.cz');
INSERT INTO Customer (c_id, c_fname, c_age, c_phone, c_birthdate, c_email) VALUES ('613', 'Borivoj Kveton', '48', '420777111785', '10.8.1976', 'Kveton.Borivojseznam.cz');
INSERT INTO Customer (c_id, c_fname, c_age, c_phone, c_birthdate, c_email) VALUES ('620', 'Jirina Jindrichova', '72', '420606322549', '28.1.1959', 'Jindrichova.Jirinaseznam.cz');
INSERT INTO Customer (c_id, c_fname, c_age, c_phone, c_birthdate, c_email) VALUES ('627', 'Judita Hovorkova', '54', '420603659448', '6.6.1996', 'Hovorkova.Juditaseznam.cz');
INSERT INTO Customer (c_id, c_fname, c_age, c_phone, c_birthdate, c_email) VALUES ('634', 'Radka Novotna', '20', '420604135017', '24.9.1951', 'Novotna.Radkaseznam.cz');
INSERT INTO Customer (c_id, c_fname, c_age, c_phone, c_birthdate, c_email) VALUES ('641', 'Jaroslava Kocvarova', '71', '420725939802', '29.10.1964', 'Kocvarova.Jaroslavaseznam.cz');
INSERT INTO Customer (c_id, c_fname, c_age, c_phone, c_birthdate, c_email) VALUES ('648', 'David Kosar', '31', '420607297816', '19.6.2002', 'Kosar.Davidseznam.cz');
INSERT INTO Customer (c_id, c_fname, c_age, c_phone, c_birthdate, c_email) VALUES ('655', 'Doubravka simcikova', '57', '420733826484', '5.8.1980', 'simcikova.Doubravkaseznam.cz');
INSERT INTO Customer (c_id, c_fname, c_age, c_phone, c_birthdate, c_email) VALUES ('662', 'Alena Fidlerova', '54', '420730696230', '18.10.1963', 'Fidlerova.Alenaseznam.cz');
INSERT INTO Customer (c_id, c_fname, c_age, c_phone, c_birthdate, c_email) VALUES ('669', 'Emilie Kladivova', '41', '420729181673', '16.3.1975', 'Kladivova.Emilieseznam.cz');
INSERT INTO Customer (c_id, c_fname, c_age, c_phone, c_birthdate, c_email) VALUES ('676', 'Ludmila Urbankova', '51', '420725500584', '1.4.1970', 'Urbankova.Ludmilaseznam.cz');
INSERT INTO Customer (c_id, c_fname, c_age, c_phone, c_birthdate, c_email) VALUES ('683', 'Hedvika Kadlcikova', '35', '420736334666', '14.8.1989', 'Kadlcikova.Hedvikaseznam.cz');
INSERT INTO Customer (c_id, c_fname, c_age, c_phone, c_birthdate, c_email) VALUES ('690', 'Mikulas Kohoutova', '29', '420776850986', '10.12.1947', 'Kohoutova.Mikulasseznam.cz');
INSERT INTO Customer (c_id, c_fname, c_age, c_phone, c_birthdate, c_email) VALUES ('697', 'Kveta Bohata', '54', '420738789239', '4.9.1988', 'Bohata.Kvetaseznam.cz');
INSERT INTO Customer (c_id, c_fname, c_age, c_phone, c_birthdate, c_email) VALUES ('704', 'Silvie Pernicova', '41', '420608811664', '8.5.1969', 'Pernicova.Silvieseznam.cz');
INSERT INTO Customer (c_id, c_fname, c_age, c_phone, c_birthdate, c_email) VALUES ('711', 'Rene Holcak', '58', '420608451908', '24.12.1951', 'Holcak.Reneseznam.cz');
INSERT INTO Customer (c_id, c_fname, c_age, c_phone, c_birthdate, c_email) VALUES ('718', 'Hermina Pavlovska', '24', '420721327469', '27.10.1982', 'Pavlovska.Herminaseznam.cz');
INSERT INTO Customer (c_id, c_fname, c_age, c_phone, c_birthdate, c_email) VALUES ('725', 'Hermina Vrablikova', '52', '420777755221', '4.3.1949', 'Vrablikova.Herminaseznam.cz');
INSERT INTO Customer (c_id, c_fname, c_age, c_phone, c_birthdate, c_email) VALUES ('732', 'Borivoj Gazdik', '46', '420725408816', '22.3.1974', 'Gazdik.Borivojseznam.cz');
INSERT INTO Customer (c_id, c_fname, c_age, c_phone, c_birthdate, c_email) VALUES ('739', 'Kvido Tousek', '39', '420607933950', '24.8.1986', 'Tousek.Kvidoseznam.cz');
INSERT INTO Customer (c_id, c_fname, c_age, c_phone, c_birthdate, c_email) VALUES ('746', 'Milan Spacil', '72', '420729268542', '31.1.2005', 'Spacil.Milanseznam.cz');
INSERT INTO Customer (c_id, c_fname, c_age, c_phone, c_birthdate, c_email) VALUES ('753', 'Alice Lnenickova', '22', '420723635620', '19.9.1966', 'Lnenickova.Aliceseznam.cz');
INSERT INTO Customer (c_id, c_fname, c_age, c_phone, c_birthdate, c_email) VALUES ('760', 'stepanka Frankova', '21', '420729414128', '13.2.1991', 'Frankova.stepankaseznam.cz');
INSERT INTO Customer (c_id, c_fname, c_age, c_phone, c_birthdate, c_email) VALUES ('767', 'Jarmila Balkova', '48', '420606412572', '10.4.1962', 'Balkova.Jarmilaseznam.cz');
INSERT INTO Customer (c_id, c_fname, c_age, c_phone, c_birthdate, c_email) VALUES ('774', 'Bohuslava Kozubikova', '30', '420774381034', '1.2.1954', 'Kozubikova.Bohuslavaseznam.cz');
INSERT INTO Customer (c_id, c_fname, c_age, c_phone, c_birthdate, c_email) VALUES ('781', 'Hynek Vitu', '50', '420730702383', '31.7.1961', 'Vitu.Hynekseznam.cz');
INSERT INTO Customer (c_id, c_fname, c_age, c_phone, c_birthdate, c_email) VALUES ('788', 'Vitezslav Prucha', '60', '420724349068', '25.1.1961', 'Prucha.Vitezslavseznam.cz');
INSERT INTO Customer (c_id, c_fname, c_age, c_phone, c_birthdate, c_email) VALUES ('795', 'Valdemar Hubner', '70', '420721495334', '29.7.1982', 'Hubner.Valdemarseznam.cz');
INSERT INTO Customer (c_id, c_fname, c_age, c_phone, c_birthdate, c_email) VALUES ('802', 'Alice zaloudkova', '45', '420738364115', '20.6.1992', 'zaloudkova.Aliceseznam.cz');
INSERT INTO Customer (c_id, c_fname, c_age, c_phone, c_birthdate, c_email) VALUES ('809', 'Bohdan Prasil', '44', '420724254079', '12.10.1974', 'Prasil.Bohdanseznam.cz');
INSERT INTO Customer (c_id, c_fname, c_age, c_phone, c_birthdate, c_email) VALUES ('816', 'Marcel Kubu', '48', '420608839521', '5.2.1951', 'Kubu.Marcelseznam.cz');
INSERT INTO Customer (c_id, c_fname, c_age, c_phone, c_birthdate, c_email) VALUES ('823', 'Iva Kubankova', '33', '420776934262', '30.5.1979', 'Kubankova.Ivaseznam.cz');
INSERT INTO Customer (c_id, c_fname, c_age, c_phone, c_birthdate, c_email) VALUES ('830', 'Petra Sladkova', '25', '420722252901', '20.6.1985', 'Sladkova.Petraseznam.cz');
INSERT INTO Customer (c_id, c_fname, c_age, c_phone, c_birthdate, c_email) VALUES ('837', 'Alan Koutsky', '33', '420734583854', '8.8.1970', 'Koutsky.Alanseznam.cz');
INSERT INTO Customer (c_id, c_fname, c_age, c_phone, c_birthdate, c_email) VALUES ('844', 'Slavena Pestova', '46', '420731913761', '20.11.1996', 'Pestova.Slavenaseznam.cz');
INSERT INTO Customer (c_id, c_fname, c_age, c_phone, c_birthdate, c_email) VALUES ('851', 'Lucie Klouckova', '41', '420770228499', '2.5.2002', 'Klouckova.Lucieseznam.cz');
INSERT INTO Customer (c_id, c_fname, c_age, c_phone, c_birthdate, c_email) VALUES ('858', 'Adam Vales', '71', '420728483686', '12.8.1971', 'Vales.Adamseznam.cz');
INSERT INTO Customer (c_id, c_fname, c_age, c_phone, c_birthdate, c_email) VALUES ('865', 'Lenka Crhova', '73', '420606857127', '16.1.1953', 'Crhova.Lenkaseznam.cz');
INSERT INTO Customer (c_id, c_fname, c_age, c_phone, c_birthdate, c_email) VALUES ('872', 'Rut Kutilkova', '70', '420605144848', '20.9.1946', 'Kutilkova.Rutseznam.cz');
INSERT INTO Customer (c_id, c_fname, c_age, c_phone, c_birthdate, c_email) VALUES ('879', 'Jeronym Oravec', '34', '420602822424', '15.9.1993', 'Oravec.Jeronymseznam.cz');
INSERT INTO Customer (c_id, c_fname, c_age, c_phone, c_birthdate, c_email) VALUES ('886', 'Katerina Hlavata', '46', '420601753869', '19.6.1947', 'Hlavata.Katerinaseznam.cz');
INSERT INTO Customer (c_id, c_fname, c_age, c_phone, c_birthdate, c_email) VALUES ('893', 'Oskar Hlousek', '63', '420726363160', '28.11.1952', 'Hlousek.Oskarseznam.cz');
INSERT INTO Customer (c_id, c_fname, c_age, c_phone, c_birthdate, c_email) VALUES ('900', 'Lydie Hadacova', '32', '420720434916', '19.3.1983', 'Hadacova.Lydieseznam.cz');
INSERT INTO Customer (c_id, c_fname, c_age, c_phone, c_birthdate, c_email) VALUES ('907', 'Veroslav Mazac', '26', '420770812113', '18.9.1949', 'Mazac.Veroslavseznam.cz');
INSERT INTO Customer (c_id, c_fname, c_age, c_phone, c_birthdate, c_email) VALUES ('914', 'Roland Kobylka', '43', '420737749040', '15.9.1968', 'Kobylka.Rolandseznam.cz');
INSERT INTO Customer (c_id, c_fname, c_age, c_phone, c_birthdate, c_email) VALUES ('921', 'Lubor Nadvornik', '75', '420604184848', '12.4.1954', 'Nadvornik.Luborseznam.cz');
INSERT INTO Customer (c_id, c_fname, c_age, c_phone, c_birthdate, c_email) VALUES ('928', 'Cecilie Rysankova', '36', '420722330376', '20.8.1953', 'Rysankova.Cecilieseznam.cz');
INSERT INTO Customer (c_id, c_fname, c_age, c_phone, c_birthdate, c_email) VALUES ('935', 'Andela Poulova', '19', '420603813056', '19.8.1962', 'Poulova.Andelaseznam.cz');
INSERT INTO Customer (c_id, c_fname, c_age, c_phone, c_birthdate, c_email) VALUES ('942', 'Augustyn Pridal', '14', '420607456131', '26.1.1947', 'Pridal.Augustynseznam.cz');
INSERT INTO Customer (c_id, c_fname, c_age, c_phone, c_birthdate, c_email) VALUES ('949', 'Valdemar Paril', '44', '420604939270', '19.7.1961', 'Paril.Valdemarseznam.cz');
INSERT INTO Customer (c_id, c_fname, c_age, c_phone, c_birthdate, c_email) VALUES ('956', 'stefan Hubalek', '46', '420773141137', '17.11.1975', 'Hubalek.stefanseznam.cz');
INSERT INTO Customer (c_id, c_fname, c_age, c_phone, c_birthdate, c_email) VALUES ('963', 'Lubomir spinar', '31', '420606880109', '5.10.1951', 'spinar.Lubomirseznam.cz');
INSERT INTO Customer (c_id, c_fname, c_age, c_phone, c_birthdate, c_email) VALUES ('970', 'Metodej Opravil', '37', '420603483522', '8.9.1956', 'Opravil.Metodejseznam.cz');
INSERT INTO Customer (c_id, c_fname, c_age, c_phone, c_birthdate, c_email) VALUES ('977', 'Prokop Lupac', '20', '420720933654', '26.11.1957', 'Lupac.Prokopseznam.cz');
INSERT INTO Customer (c_id, c_fname, c_age, c_phone, c_birthdate, c_email) VALUES ('984', 'Patricie Strakova', '14', '420727727629', '11.7.1996', 'Strakova.Patricieseznam.cz');
INSERT INTO Customer (c_id, c_fname, c_age, c_phone, c_birthdate, c_email) VALUES ('991', 'Oto zacek', '32', '420731727661', '9.6.1973', 'zacek.Otoseznam.cz');
INSERT INTO Customer (c_id, c_fname, c_age, c_phone, c_birthdate, c_email) VALUES ('998', 'Matej sebela', '61', '420602994075', '2.9.1956', 'sebela.Matejseznam.cz');
INSERT INTO Customer (c_id, c_fname, c_age, c_phone, c_birthdate, c_email) VALUES ('1005', 'Tadeas Vachal', '75', '420702177648', '28.11.1947', 'Vachal.Tadeasseznam.cz');
INSERT INTO Customer (c_id, c_fname, c_age, c_phone, c_birthdate, c_email) VALUES ('1012', 'Libuse Wojnarova', '42', '420607787877', '27.10.1976', 'Wojnarova.Libuseseznam.cz');
INSERT INTO Customer (c_id, c_fname, c_age, c_phone, c_birthdate, c_email) VALUES ('1019', 'Valentyn Hon', '62', '420604145703', '19.8.1991', 'Hon.Valentynseznam.cz');
INSERT INTO Customer (c_id, c_fname, c_age, c_phone, c_birthdate, c_email) VALUES ('1026', 'Irena Jancikova', '46', '420738897046', '11.9.1948', 'Jancikova.Irenaseznam.cz');
INSERT INTO Customer (c_id, c_fname, c_age, c_phone, c_birthdate, c_email) VALUES ('1033', 'Stela Hrabankova', '65', '420739995972', '21.10.1974', 'Hrabankova.Stelaseznam.cz');
INSERT INTO Customer (c_id, c_fname, c_age, c_phone, c_birthdate, c_email) VALUES ('1040', 'Evzenie Hortova', '33', '420730158938', '21.9.2005', 'Hortova.Evzenieseznam.cz');
INSERT INTO Customer (c_id, c_fname, c_age, c_phone, c_birthdate, c_email) VALUES ('1047', 'Zdislava Knapova', '61', '420720286925', '15.8.1950', 'Knapova.Zdislavaseznam.cz');
INSERT INTO Customer (c_id, c_fname, c_age, c_phone, c_birthdate, c_email) VALUES ('1054', 'Jaromir Tomanek', '71', '420733947319', '25.1.1954', 'Tomanek.Jaromirseznam.cz');
INSERT INTO Customer (c_id, c_fname, c_age, c_phone, c_birthdate, c_email) VALUES ('1061', 'Eliska Nova', '28', '420770267577', '29.9.1982', 'Nova.Eliskaseznam.cz');
INSERT INTO Customer (c_id, c_fname, c_age, c_phone, c_birthdate, c_email) VALUES ('1068', 'Simona Bartikova', '38', '420725528220', '2.2.1960', 'Bartikova.Simonaseznam.cz');
INSERT INTO Customer (c_id, c_fname, c_age, c_phone, c_birthdate, c_email) VALUES ('1075', 'Natalie Chramostova', '37', '420777265998', '4.4.1975', 'Chramostova.Natalieseznam.cz');
INSERT INTO Customer (c_id, c_fname, c_age, c_phone, c_birthdate, c_email) VALUES ('1082', 'Bretislav Veprek', '72', '420731623288', '8.12.1949', 'Veprek.Bretislavseznam.cz');
INSERT INTO Customer (c_id, c_fname, c_age, c_phone, c_birthdate, c_email) VALUES ('1089', 'Lukas Tomicek', '60', '420775311294', '28.12.1965', 'Tomicek.Lukasseznam.cz');
INSERT INTO Customer (c_id, c_fname, c_age, c_phone, c_birthdate, c_email) VALUES ('1096', 'Darja Dousova', '47', '420775564569', '29.1.1951', 'Dousova.Darjaseznam.cz');
INSERT INTO Customer (c_id, c_fname, c_age, c_phone, c_birthdate, c_email) VALUES ('1103', 'stepanka Krobova', '31', '420702308959', '5.5.1993', 'Krobova.stepankaseznam.cz');
INSERT INTO Customer (c_id, c_fname, c_age, c_phone, c_birthdate, c_email) VALUES ('1110', 'Jana Rockova', '19', '420732268816', '21.12.1952', 'Rockova.Janaseznam.cz');
INSERT INTO Customer (c_id, c_fname, c_age, c_phone, c_birthdate, c_email) VALUES ('1117', 'Krystof Suchan', '57', '420724902144', '14.11.1975', 'Suchan.Krystofseznam.cz');
INSERT INTO Customer (c_id, c_fname, c_age, c_phone, c_birthdate, c_email) VALUES ('1124', 'Nina Slovacek', '41', '420770332238', '30.12.1957', 'Slovacek.Ninaseznam.cz');
INSERT INTO Customer (c_id, c_fname, c_age, c_phone, c_birthdate, c_email) VALUES ('1131', 'Ales Makovec', '58', '420774956250', '27.1.2003', 'Makovec.Alesseznam.cz');
INSERT INTO Customer (c_id, c_fname, c_age, c_phone, c_birthdate, c_email) VALUES ('1138', 'Vanda Kubinova', '64', '420739533202', '4.2.1987', 'Kubinova.Vandaseznam.cz');
INSERT INTO Customer (c_id, c_fname, c_age, c_phone, c_birthdate, c_email) VALUES ('1145', 'Erik Petr', '55', '420601360591', '1.8.1970', 'Petr.Erikseznam.cz');
INSERT INTO Customer (c_id, c_fname, c_age, c_phone, c_birthdate, c_email) VALUES ('1152', 'Frantisek sandera', '30', '420606982648', '29.10.1971', 'sandera.Frantisekseznam.cz');
INSERT INTO Customer (c_id, c_fname, c_age, c_phone, c_birthdate, c_email) VALUES ('1159', 'Ivona Bacova', '35', '420773784900', '13.3.1976', 'Bacova.Ivonaseznam.cz');
INSERT INTO Customer (c_id, c_fname, c_age, c_phone, c_birthdate, c_email) VALUES ('1166', 'Dobromila Valaskova', '40', '420770492340', '23.8.1972', 'Valaskova.Dobromilaseznam.cz');
INSERT INTO Customer (c_id, c_fname, c_age, c_phone, c_birthdate, c_email) VALUES ('1173', 'Dominik Lupac', '59', '420739280016', '14.3.1990', 'Lupac.Dominikseznam.cz');
INSERT INTO Customer (c_id, c_fname, c_age, c_phone, c_birthdate, c_email) VALUES ('1180', 'Miloslava silhanova', '47', '420733139865', '2.5.1949', 'silhanova.Miloslavaseznam.cz');
INSERT INTO Customer (c_id, c_fname, c_age, c_phone, c_birthdate, c_email) VALUES ('1187', 'Gita Richterova', '39', '420726809552', '28.4.1950', 'Richterova.Gitaseznam.cz');
INSERT INTO Customer (c_id, c_fname, c_age, c_phone, c_birthdate, c_email) VALUES ('1194', 'Vlastimil Slama', '19', '420733981732', '25.2.2005', 'Slama.Vlastimilseznam.cz');
INSERT INTO Customer (c_id, c_fname, c_age, c_phone, c_birthdate, c_email) VALUES ('1201', 'Blazej reznik', '22', '420603979783', '3.8.1958', 'reznik.Blazejseznam.cz');
INSERT INTO Customer (c_id, c_fname, c_age, c_phone, c_birthdate, c_email) VALUES ('1208', 'Stanislava Krskova', '71', '420775740924', '27.1.1991', 'Krskova.Stanislavaseznam.cz');
INSERT INTO Customer (c_id, c_fname, c_age, c_phone, c_birthdate, c_email) VALUES ('1215', 'cestmir Lekes', '17', '420774310112', '9.3.1980', 'Lekes.cestmirseznam.cz');
INSERT INTO Customer (c_id, c_fname, c_age, c_phone, c_birthdate, c_email) VALUES ('1222', 'sarka Kovac', '25', '420775738216', '21.4.1992', 'Kovac.sarkaseznam.cz');
INSERT INTO Customer (c_id, c_fname, c_age, c_phone, c_birthdate, c_email) VALUES ('1229', 'Gabriela Kovandova', '20', '420605638422', '25.12.1955', 'Kovandova.Gabrielaseznam.cz');
INSERT INTO Customer (c_id, c_fname, c_age, c_phone, c_birthdate, c_email) VALUES ('1236', 'Radek scuka', '68', '420774728750', '27.9.1973', 'scuka.Radekseznam.cz');
INSERT INTO Customer (c_id, c_fname, c_age, c_phone, c_birthdate, c_email) VALUES ('1243', 'David Horna', '48', '420603229121', '4.4.2003', 'Horna.Davidseznam.cz');
INSERT INTO Customer (c_id, c_fname, c_age, c_phone, c_birthdate, c_email) VALUES ('1250', 'Ivona smolikova', '21', '420606317604', '1.12.1963', 'smolikova.Ivonaseznam.cz');
INSERT INTO Customer (c_id, c_fname, c_age, c_phone, c_birthdate, c_email) VALUES ('1257', 'Zbysek Kaplan', '67', '420607172926', '1.7.1992', 'Kaplan.Zbysekseznam.cz');
INSERT INTO Customer (c_id, c_fname, c_age, c_phone, c_birthdate, c_email) VALUES ('1264', 'Zbysek Rendl', '12', '420604804926', '7.8.1994', 'Rendl.Zbysekseznam.cz');
INSERT INTO Customer (c_id, c_fname, c_age, c_phone, c_birthdate, c_email) VALUES ('1271', 'Otakar cajka', '58', '420775157923', '1.3.1990', 'cajka.Otakarseznam.cz');
INSERT INTO Customer (c_id, c_fname, c_age, c_phone, c_birthdate, c_email) VALUES ('1278', 'Vaclav Fikar', '65', '420721502284', '23.12.1970', 'Fikar.Vaclavseznam.cz');
INSERT INTO Customer (c_id, c_fname, c_age, c_phone, c_birthdate, c_email) VALUES ('1285', 'Pavel Semerak', '32', '420721445750', '10.11.1948', 'Semerak.Pavelseznam.cz');
INSERT INTO Customer (c_id, c_fname, c_age, c_phone, c_birthdate, c_email) VALUES ('1292', 'Oldriska Pfeiferova', '17', '420737615398', '14.11.1971', 'Pfeiferova.Oldriskaseznam.cz');
INSERT INTO Customer (c_id, c_fname, c_age, c_phone, c_birthdate, c_email) VALUES ('1299', 'Rut Kunova', '72', '420733123547', '17.1.2004', 'Kunova.Rutseznam.cz');
INSERT INTO Customer (c_id, c_fname, c_age, c_phone, c_birthdate, c_email) VALUES ('1306', 'Miloslav Kettner', '71', '420724284667', '11.9.1959', 'Kettner.Miloslavseznam.cz');
INSERT INTO Customer (c_id, c_fname, c_age, c_phone, c_birthdate, c_email) VALUES ('1313', 'Helena Hoskova', '22', '420603779900', '6.8.1993', 'Hoskova.Helenaseznam.cz');
INSERT INTO Customer (c_id, c_fname, c_age, c_phone, c_birthdate, c_email) VALUES ('1320', 'Bedrich Bhm', '28', '420734305966', '9.3.1981', 'Bhm.Bedrichseznam.cz');
INSERT INTO Customer (c_id, c_fname, c_age, c_phone, c_birthdate, c_email) VALUES ('1327', 'Viktorie Samcova', '30', '420770231089', '21.9.1954', 'Samcova.Viktorieseznam.cz');
INSERT INTO Customer (c_id, c_fname, c_age, c_phone, c_birthdate, c_email) VALUES ('1334', 'Lenka Pavlova', '26', '420777464934', '24.8.1981', 'Pavlova.Lenkaseznam.cz');
INSERT INTO Customer (c_id, c_fname, c_age, c_phone, c_birthdate, c_email) VALUES ('1341', 'Klement Fryc', '48', '420604606934', '22.7.1951', 'Fryc.Klementseznam.cz');
INSERT INTO Customer (c_id, c_fname, c_age, c_phone, c_birthdate, c_email) VALUES ('1348', 'Ivana Fantova', '67', '420602724198', '19.3.1983', 'Fantova.Ivanaseznam.cz');
INSERT INTO Customer (c_id, c_fname, c_age, c_phone, c_birthdate, c_email) VALUES ('1355', 'Artur Matl', '13', '420607868602', '30.7.1962', 'Matl.Arturseznam.cz');
INSERT INTO Customer (c_id, c_fname, c_age, c_phone, c_birthdate, c_email) VALUES ('1362', 'Boris Jahn', '20', '420734569771', '3.10.1950', 'Jahn.Borisseznam.cz');
INSERT INTO Customer (c_id, c_fname, c_age, c_phone, c_birthdate, c_email) VALUES ('1369', 'Kvetoslava Tkacova', '38', '420776552567', '7.11.1987', 'Tkacova.Kvetoslavaseznam.cz');
INSERT INTO Customer (c_id, c_fname, c_age, c_phone, c_birthdate, c_email) VALUES ('1376', 'Lydie Hofmanova', '66', '420731790636', '11.10.1957', 'Hofmanova.Lydieseznam.cz');
INSERT INTO Customer (c_id, c_fname, c_age, c_phone, c_birthdate, c_email) VALUES ('1383', 'Filip cernoch', '74', '420721361434', '20.4.1984', 'cernoch.Filipseznam.cz');
INSERT INTO Customer (c_id, c_fname, c_age, c_phone, c_birthdate, c_email) VALUES ('1390', 'Libena Klimentova', '38', '420607248921', '7.12.1978', 'Klimentova.Libenaseznam.cz');
INSERT INTO Customer (c_id, c_fname, c_age, c_phone, c_birthdate, c_email) VALUES ('1397', 'Eliska slajsova', '52', '420725528812', '8.6.2004', 'slajsova.Eliskaseznam.cz');
INSERT INTO Customer (c_id, c_fname, c_age, c_phone, c_birthdate, c_email) VALUES ('1404', 'Venceslav Kovac', '72', '420770828908', '23.7.1974', 'Kovac.Venceslavseznam.cz');
INSERT INTO Customer (c_id, c_fname, c_age, c_phone, c_birthdate, c_email) VALUES ('1411', 'Silvestr Fous', '30', '420728454163', '28.11.1964', 'Fous.Silvestrseznam.cz');
INSERT INTO Customer (c_id, c_fname, c_age, c_phone, c_birthdate, c_email) VALUES ('1418', 'Boris Martinec', '44', '420606372140', '6.9.1974', 'Martinec.Borisseznam.cz');




INSERT INTO Service (service_id, service_type, service_price) VALUES ('142', 'Facial  Massage', '1200');
INSERT INTO Service (service_id, service_type, service_price) VALUES ('154', 'Shampoo', '470');
INSERT INTO Service (service_id, service_type, service_price) VALUES ('174', 'hair dye', '1000');
INSERT INTO Service (service_id, service_type, service_price) VALUES ('200', 'Haircut', '700');
INSERT INTO Service (service_id, service_type, service_price) VALUES ('210', 'Straight Razor Shave', '550');
INSERT INTO Service (service_id, service_type, service_price) VALUES ('256', 'Mustache Trim', '495');
INSERT INTO Service (service_id, service_type, service_price) VALUES ('145', 'Standard Beard Trim', '650');
INSERT INTO Service (service_id, service_type, service_price) VALUES ('78', 'Deluxe Beard Trim', '650');
INSERT INTO Service (service_id, service_type, service_price) VALUES ('71', 'Neck Shave', '400');
INSERT INTO Service (service_id, service_type, service_price) VALUES ('12', 'Haircut_Seniors', '500');
INSERT INTO Service (service_id, service_type, service_price) VALUES ('45', 'Haircut_Kids', '370');
INSERT INTO Service (service_id, service_type, service_price) VALUES ('88', 'Shampoo_Seniors', '250');
INSERT INTO Service (service_id, service_type, service_price) VALUES ('54', 'Shampoo_Kids', '200');
INSERT INTO Service (service_id, service_type, service_price) VALUES ('65', 'Mustache Trim_Seniors', '395');
INSERT INTO Service (service_id, service_type, service_price) VALUES ('141', 'Straight Razor Shave_Seniors', '450');
INSERT INTO Service (service_id, service_type, service_price) VALUES ('23', 'Mustache Trim_Seniors', '395');
INSERT INTO Service (service_id, service_type, service_price) VALUES ('27', 'Standard Beard Trim_Seniors', '350');
INSERT INTO Service (service_id, service_type, service_price) VALUES ('33', 'Neck Shave_Seniors', '300');
INSERT INTO Service (service_id, service_type, service_price) VALUES ('10', 'Neck Massage', '1500');



INSERT INTO Employee (employee_id, e_fullname) VALUES ('45', 'Leopold Hamouz');
INSERT INTO Employee (employee_id, e_fullname) VALUES ('53', 'Hana Suvova');
INSERT INTO Employee (employee_id, e_fullname) VALUES ('61', 'Drahoslav Prenosil');
INSERT INTO Employee (employee_id, e_fullname) VALUES ('69', 'Bohdan Varga');
INSERT INTO Employee (employee_id, e_fullname) VALUES ('77', 'Vladislav Mohyla');
INSERT INTO Employee (employee_id, e_fullname) VALUES ('85', 'Liliana Schulzova');
INSERT INTO Employee (employee_id, e_fullname) VALUES ('93', 'Bohdan Koubek');
INSERT INTO Employee (employee_id, e_fullname) VALUES ('101', 'Slavomir Tuma');
INSERT INTO Employee (employee_id, e_fullname) VALUES ('109', 'Ester Kuncova');
INSERT INTO Employee (employee_id, e_fullname) VALUES ('117', 'Johana Pohankova');
INSERT INTO Employee (employee_id, e_fullname) VALUES ('125', 'Rudolf Budik');
INSERT INTO Employee (employee_id, e_fullname) VALUES ('133', 'Filip Pavek');
INSERT INTO Employee (employee_id, e_fullname) VALUES ('141', 'Darja Janisova');
INSERT INTO Employee (employee_id, e_fullname) VALUES ('149', 'Adolf Marko');
INSERT INTO Employee (employee_id, e_fullname) VALUES ('157', 'Pravoslav Vanis');
INSERT INTO Employee (employee_id, e_fullname) VALUES ('165', 'Albina Vachova');
INSERT INTO Employee (employee_id, e_fullname) VALUES ('173', 'Milos Hanousek');
INSERT INTO Employee (employee_id, e_fullname) VALUES ('181', 'Tomas Hanousek');
INSERT INTO Employee (employee_id, e_fullname) VALUES ('189', 'Radka Nguyenova');
INSERT INTO Employee (employee_id, e_fullname) VALUES ('197', 'Simona Vokurkova');
INSERT INTO Employee (employee_id, e_fullname) VALUES ('205', 'Kamil Culek');
INSERT INTO Employee (employee_id, e_fullname) VALUES ('213', 'Alexej Kuthan');
INSERT INTO Employee (employee_id, e_fullname) VALUES ('221', 'Libuse Sedlarova');
INSERT INTO Employee (employee_id, e_fullname) VALUES ('229', 'Maxim Plachy');
INSERT INTO Employee (employee_id, e_fullname) VALUES ('237', 'Bohumila Valachova');
INSERT INTO Employee (employee_id, e_fullname) VALUES ('245', 'Frantiska Kalova');
INSERT INTO Employee (employee_id, e_fullname) VALUES ('253', 'Boleslav Vomacka');
INSERT INTO Employee (employee_id, e_fullname) VALUES ('261', 'Bruno Bruzek');
INSERT INTO Employee (employee_id, e_fullname) VALUES ('269', 'Karel Reich');
INSERT INTO Employee (employee_id, e_fullname) VALUES ('277', 'Aneta Kvasnickova');
INSERT INTO Employee (employee_id, e_fullname) VALUES ('285', 'Gabriel Zampach');
INSERT INTO Employee (employee_id, e_fullname) VALUES ('293', 'Zora Pejsova');
INSERT INTO Employee (employee_id, e_fullname) VALUES ('301', 'Oto Grulich');
INSERT INTO Employee (employee_id, e_fullname) VALUES ('309', 'Nikola Miksova');
INSERT INTO Employee (employee_id, e_fullname) VALUES ('317', 'Ignac Kotek');
INSERT INTO Employee (employee_id, e_fullname) VALUES ('325', 'Vilem Michalcik');
INSERT INTO Employee (employee_id, e_fullname) VALUES ('333', 'Martina Pliskova');
INSERT INTO Employee (employee_id, e_fullname) VALUES ('341', 'Vladan Borovsky');
INSERT INTO Employee (employee_id, e_fullname) VALUES ('349', 'Diana Vavreckova');
INSERT INTO Employee (employee_id, e_fullname) VALUES ('357', 'Vlasta Knotkova');
INSERT INTO Employee (employee_id, e_fullname) VALUES ('365', 'Nikola Smolikova');
INSERT INTO Employee (employee_id, e_fullname) VALUES ('373', 'Zita Stara');
INSERT INTO Employee (employee_id, e_fullname) VALUES ('381', 'Milena Kollarova');
INSERT INTO Employee (employee_id, e_fullname) VALUES ('389', 'Herbert Minar');
INSERT INTO Employee (employee_id, e_fullname) VALUES ('397', 'Nikola Strelcova');


INSERT INTO Salary (salary_id, salary_date, salary_sum, employee_id) VALUES ('5', '12.1.2018', '28101', '45');
INSERT INTO Salary (salary_id, salary_date, salary_sum, employee_id) VALUES ('4', '11.1.2018', '28084', '53');
INSERT INTO Salary (salary_id, salary_date, salary_sum, employee_id) VALUES ('6', '12.4.2018', '22408', '61');
INSERT INTO Salary (salary_id, salary_date, salary_sum, employee_id) VALUES ('52', '18.1.2018', '23569', '69');
INSERT INTO Salary (salary_id, salary_date, salary_sum, employee_id) VALUES ('53', '18.1.2018', '8980', '77');
INSERT INTO Salary (salary_id, salary_date, salary_sum, employee_id) VALUES ('54', '28.4.2018', '19542', '85');
INSERT INTO Salary (salary_id, salary_date, salary_sum, employee_id) VALUES ('55', '13.3.2018', '9370', '93');
INSERT INTO Salary (salary_id, salary_date, salary_sum, employee_id) VALUES ('56', '15.4.2018', '9781', '101');
INSERT INTO Salary (salary_id, salary_date, salary_sum, employee_id) VALUES ('57', '16.5.2018', '14979', '109');
INSERT INTO Salary (salary_id, salary_date, salary_sum, employee_id) VALUES ('58', '15.4.2018', '15720', '117');
INSERT INTO Salary (salary_id, salary_date, salary_sum, employee_id) VALUES ('59', '29.3.2018', '20854', '125');
INSERT INTO Salary (salary_id, salary_date, salary_sum, employee_id) VALUES ('61', '27.1.2018', '16614', '133');
INSERT INTO Salary (salary_id, salary_date, salary_sum, employee_id) VALUES ('75', '4.1.2018', '28971', '141');
INSERT INTO Salary (salary_id, salary_date, salary_sum, employee_id) VALUES ('85', '12.5.2018', '9802', '149');
INSERT INTO Salary (salary_id, salary_date, salary_sum, employee_id) VALUES ('95', '3.5.2018', '26609', '157');
INSERT INTO Salary (salary_id, salary_date, salary_sum, employee_id) VALUES ('105', '20.2.2018', '27905', '165');
INSERT INTO Salary (salary_id, salary_date, salary_sum, employee_id) VALUES ('115', '1.2.2018', '22587', '173');
INSERT INTO Salary (salary_id, salary_date, salary_sum, employee_id) VALUES ('125', '6.2.2018', '14618', '181');
INSERT INTO Salary (salary_id, salary_date, salary_sum, employee_id) VALUES ('135', '28.2.2018', '21017', '189');
INSERT INTO Salary (salary_id, salary_date, salary_sum, employee_id) VALUES ('201', '16.4.2018', '14500', '197');
INSERT INTO Salary (salary_id, salary_date, salary_sum, employee_id) VALUES ('202', '5.2.2018', '7034', '205');
INSERT INTO Salary (salary_id, salary_date, salary_sum, employee_id) VALUES ('203', '18.3.2018', '6453', '213');
INSERT INTO Salary (salary_id, salary_date, salary_sum, employee_id) VALUES ('204', '6.5.2018', '24812', '221');
INSERT INTO Salary (salary_id, salary_date, salary_sum, employee_id) VALUES ('205', '5.2.2018', '17513', '229');
INSERT INTO Salary (salary_id, salary_date, salary_sum, employee_id) VALUES ('206', '23.3.2018', '14623', '237');
INSERT INTO Salary (salary_id, salary_date, salary_sum, employee_id) VALUES ('207', '14.3.2018', '16550', '245');
INSERT INTO Salary (salary_id, salary_date, salary_sum, employee_id) VALUES ('208', '13.5.2018', '17195', '253');
INSERT INTO Salary (salary_id, salary_date, salary_sum, employee_id) VALUES ('209', '18.3.2018', '10054', '261');
INSERT INTO Salary (salary_id, salary_date, salary_sum, employee_id) VALUES ('210', '6.1.2018', '13213', '269');
INSERT INTO Salary (salary_id, salary_date, salary_sum, employee_id) VALUES ('211', '21.4.2018', '9840', '277');
INSERT INTO Salary (salary_id, salary_date, salary_sum, employee_id) VALUES ('222', '5.5.2018', '29954', '285');
INSERT INTO Salary (salary_id, salary_date, salary_sum, employee_id) VALUES ('235', '31.1.2018', '14130', '293');
INSERT INTO Salary (salary_id, salary_date, salary_sum, employee_id) VALUES ('245', '2.5.2018', '19372', '301');
INSERT INTO Salary (salary_id, salary_date, salary_sum, employee_id) VALUES ('28', '30.3.2018', '24428', '309');
INSERT INTO Salary (salary_id, salary_date, salary_sum, employee_id) VALUES ('66', '22.1.2018', '19163', '317');
INSERT INTO Salary (salary_id, salary_date, salary_sum, employee_id) VALUES ('78', '14.4.2018', '12183', '325');
INSERT INTO Salary (salary_id, salary_date, salary_sum, employee_id) VALUES ('141', '23.3.2018', '19872', '333');
INSERT INTO Salary (salary_id, salary_date, salary_sum, employee_id) VALUES ('142', '8.2.2018', '20563', '341');
INSERT INTO Salary (salary_id, salary_date, salary_sum, employee_id) VALUES ('143', '24.2.2018', '7162', '349');
INSERT INTO Salary (salary_id, salary_date, salary_sum, employee_id) VALUES ('144', '28.2.2018', '7028', '357');
INSERT INTO Salary (salary_id, salary_date, salary_sum, employee_id) VALUES ('145', '7.1.2018', '21139', '365');
INSERT INTO Salary (salary_id, salary_date, salary_sum, employee_id) VALUES ('146', '17.4.2018', '14584', '373');
INSERT INTO Salary (salary_id, salary_date, salary_sum, employee_id) VALUES ('147', '5.4.2018', '13851', '381');
INSERT INTO Salary (salary_id, salary_date, salary_sum, employee_id) VALUES ('148', '17.2.2018', '9119', '389');
INSERT INTO Salary (salary_id, salary_date, salary_sum, employee_id) VALUES ('149', '5.1.2018', '13633', '397');
INSERT INTO Salary (salary_id, salary_date, salary_sum, employee_id) VALUES ('150', '4.1.2018', '29489', '45');
INSERT INTO Salary (salary_id, salary_date, salary_sum, employee_id) VALUES ('151', '6.2.2018', '6129', '53');
INSERT INTO Salary (salary_id, salary_date, salary_sum, employee_id) VALUES ('152', '8.4.2018', '10090', '61');
INSERT INTO Salary (salary_id, salary_date, salary_sum, employee_id) VALUES ('153', '31.3.2018', '5252', '69');
INSERT INTO Salary (salary_id, salary_date, salary_sum, employee_id) VALUES ('154', '3.3.2018', '28366', '77');
INSERT INTO Salary (salary_id, salary_date, salary_sum, employee_id) VALUES ('155', '24.2.2018', '27819', '85');
INSERT INTO Salary (salary_id, salary_date, salary_sum, employee_id) VALUES ('156', '27.3.2018', '13793', '93');
INSERT INTO Salary (salary_id, salary_date, salary_sum, employee_id) VALUES ('157', '10.2.2018', '17577', '101');
INSERT INTO Salary (salary_id, salary_date, salary_sum, employee_id) VALUES ('158', '7.1.2018', '20225', '109');
INSERT INTO Salary (salary_id, salary_date, salary_sum, employee_id) VALUES ('159', '28.2.2018', '13679', '117');
INSERT INTO Salary (salary_id, salary_date, salary_sum, employee_id) VALUES ('160', '10.5.2018', '24717', '125');
INSERT INTO Salary (salary_id, salary_date, salary_sum, employee_id) VALUES ('161', '10.4.2018', '13215', '133');
INSERT INTO Salary (salary_id, salary_date, salary_sum, employee_id) VALUES ('162', '19.4.2018', '15340', '141');
INSERT INTO Salary (salary_id, salary_date, salary_sum, employee_id) VALUES ('163', '3.2.2018', '8036', '149');
INSERT INTO Salary (salary_id, salary_date, salary_sum, employee_id) VALUES ('164', '15.4.2018', '28696', '157');
INSERT INTO Salary (salary_id, salary_date, salary_sum, employee_id) VALUES ('165', '22.2.2018', '22073', '165');
INSERT INTO Salary (salary_id, salary_date, salary_sum, employee_id) VALUES ('166', '3.5.2018', '13018', '173');
INSERT INTO Salary (salary_id, salary_date, salary_sum, employee_id) VALUES ('167', '15.5.2018', '15094', '181');
INSERT INTO Salary (salary_id, salary_date, salary_sum, employee_id) VALUES ('168', '2.3.2018', '12108', '189');
INSERT INTO Salary (salary_id, salary_date, salary_sum, employee_id) VALUES ('169', '2.4.2018', '27655', '197');
INSERT INTO Salary (salary_id, salary_date, salary_sum, employee_id) VALUES ('170', '28.3.2018', '18931', '205');
INSERT INTO Salary (salary_id, salary_date, salary_sum, employee_id) VALUES ('171', '29.3.2018', '18717', '213');
INSERT INTO Salary (salary_id, salary_date, salary_sum, employee_id) VALUES ('172', '18.5.2018', '22046', '221');
INSERT INTO Salary (salary_id, salary_date, salary_sum, employee_id) VALUES ('183', '10.4.2018', '28405', '229');
INSERT INTO Salary (salary_id, salary_date, salary_sum, employee_id) VALUES ('189', '23.4.2018', '11641', '237');
INSERT INTO Salary (salary_id, salary_date, salary_sum, employee_id) VALUES ('190',  '24.5.2018', '19368', '245');
INSERT INTO Salary (salary_id, salary_date, salary_sum, employee_id) VALUES ('191', '28.2.2018', '13054', '253');
INSERT INTO Salary (salary_id, salary_date, salary_sum, employee_id) VALUES ('192', '19.5.2018', '5998', '261');
INSERT INTO Salary (salary_id, salary_date, salary_sum, employee_id) VALUES ('196', '15.3.2018', '19909', '269');
INSERT INTO Salary (salary_id, salary_date, salary_sum, employee_id) VALUES ('198', '7.3.2018', '7904', '277');
INSERT INTO Salary (salary_id, salary_date, salary_sum, employee_id) VALUES ('199', '7.2.2018', '19342', '285');
INSERT INTO Salary (salary_id, salary_date, salary_sum, employee_id) VALUES ('300', '20.5.2018', '9659', '293');
INSERT INTO Salary (salary_id, salary_date, salary_sum, employee_id) VALUES ('301', '15.4.2018', '15821', '301');
INSERT INTO Salary (salary_id, salary_date, salary_sum, employee_id) VALUES ('302', '21.5.2018', '22745', '309');
INSERT INTO Salary (salary_id, salary_date, salary_sum, employee_id) VALUES ('303', '22.4.2018', '17283', '317');
INSERT INTO Salary (salary_id, salary_date, salary_sum, employee_id) VALUES ('304', '14.5.2018', '11412', '325');
INSERT INTO Salary (salary_id, salary_date, salary_sum, employee_id) VALUES ('305', '17.5.2018', '17852', '333');
INSERT INTO Salary (salary_id, salary_date, salary_sum, employee_id) VALUES ('306', '20.4.2018', '14378', '341');
INSERT INTO Salary (salary_id, salary_date, salary_sum, employee_id) VALUES ('307', '9.2.2018', '24967', '349');
INSERT INTO Salary (salary_id, salary_date, salary_sum, employee_id) VALUES ('308', '20.5.2018', '19692', '357');
INSERT INTO Salary (salary_id, salary_date, salary_sum, employee_id) VALUES ('309', '5.3.2018', '21378', '365');
INSERT INTO Salary (salary_id, salary_date, salary_sum, employee_id) VALUES ('310', '5.2.2018', '15440', '373');
INSERT INTO Salary (salary_id, salary_date, salary_sum, employee_id) VALUES ('311', '11.4.2018', '10850', '381');
INSERT INTO Salary (salary_id, salary_date, salary_sum, employee_id) VALUES ('312', '7.1.2018', '17786', '389');
INSERT INTO Salary (salary_id, salary_date, salary_sum, employee_id) VALUES ('313', '8.3.2018', '10406', '397');
INSERT INTO Salary (salary_id, salary_date, salary_sum, employee_id) VALUES ('314', '29.4.2018', '10128', '45');
INSERT INTO Salary (salary_id, salary_date, salary_sum, employee_id) VALUES ('315', '13.1.2018', '24308', '53');
INSERT INTO Salary (salary_id, salary_date, salary_sum, employee_id) VALUES ('316', '2.3.2018', '25315', '61');
INSERT INTO Salary (salary_id, salary_date, salary_sum, employee_id) VALUES ('317', '7.5.2018', '27140', '69');
INSERT INTO Salary (salary_id, salary_date, salary_sum, employee_id) VALUES ('318', '26.2.2018', '21435', '77');
INSERT INTO Salary (salary_id, salary_date, salary_sum, employee_id) VALUES ('319', '3.4.2018', '20139', '85');
INSERT INTO Salary (salary_id, salary_date, salary_sum, employee_id) VALUES ('320', '23.3.2018', '27923', '93');
INSERT INTO Salary (salary_id, salary_date, salary_sum, employee_id) VALUES ('321', '5.3.2018', '5620', '101');
INSERT INTO Salary (salary_id, salary_date, salary_sum, employee_id) VALUES ('322', '2.1.2018', '29359', '109');
INSERT INTO Salary (salary_id, salary_date, salary_sum, employee_id) VALUES ('323', '5.4.2018', '15559', '117');
INSERT INTO Salary (salary_id, salary_date, salary_sum, employee_id) VALUES ('324', '9.1.2018', '17737', '125');
INSERT INTO Salary (salary_id, salary_date, salary_sum, employee_id) VALUES ('325', '25.2.2018', '24754', '133');
INSERT INTO Salary (salary_id, salary_date, salary_sum, employee_id) VALUES ('326', '28.3.2018', '20438', '141');
INSERT INTO Salary (salary_id, salary_date, salary_sum, employee_id) VALUES ('327', '2.4.2018', '10743', '149');
INSERT INTO Salary (salary_id, salary_date, salary_sum, employee_id) VALUES ('328', '28.4.2018', '10674', '157');
INSERT INTO Salary (salary_id, salary_date, salary_sum, employee_id) VALUES ('329', '15.4.2018', '25311', '165');
INSERT INTO Salary (salary_id, salary_date, salary_sum, employee_id) VALUES ('330', '6.5.2018', '12976', '173');
INSERT INTO Salary (salary_id, salary_date, salary_sum, employee_id) VALUES ('331', '6.2.2018', '17691', '181');
INSERT INTO Salary (salary_id, salary_date, salary_sum, employee_id) VALUES ('332', '17.5.2018', '5043', '189');
INSERT INTO Salary (salary_id, salary_date, salary_sum, employee_id) VALUES ('333', '15.1.2018', '21618', '197');
INSERT INTO Salary (salary_id, salary_date, salary_sum, employee_id) VALUES ('334', '25.4.2018', '28427', '205');
INSERT INTO Salary (salary_id, salary_date, salary_sum, employee_id) VALUES ('335', '10.3.2018', '24691', '213');
INSERT INTO Salary (salary_id, salary_date, salary_sum, employee_id) VALUES ('336', '18.2.2018', '25509', '221');
INSERT INTO Salary (salary_id, salary_date, salary_sum, employee_id) VALUES ('667', '8.5.2018', '16068', '229');
INSERT INTO Salary (salary_id, salary_date, salary_sum, employee_id) VALUES ('337', '18.3.2018', '29946', '237');
INSERT INTO Salary (salary_id, salary_date, salary_sum, employee_id) VALUES ('338', '10.4.2018', '25681', '245');
INSERT INTO Salary (salary_id, salary_date, salary_sum, employee_id) VALUES ('339', '25.1.2018', '14506', '253');
INSERT INTO Salary (salary_id, salary_date, salary_sum, employee_id) VALUES ('340', '7.2.2018', '17797', '261');
INSERT INTO Salary (salary_id, salary_date, salary_sum, employee_id) VALUES ('341', '5.4.2018', '10913', '269');
INSERT INTO Salary (salary_id, salary_date, salary_sum, employee_id) VALUES ('352', '9.3.2018', '29695', '277');
INSERT INTO Salary (salary_id, salary_date, salary_sum, employee_id) VALUES ('360', '3.1.2018', '18930', '285');
INSERT INTO Salary (salary_id, salary_date, salary_sum, employee_id) VALUES ('370', '8.2.2018', '9651', '293');
INSERT INTO Salary (salary_id, salary_date, salary_sum, employee_id) VALUES ('380', '7.3.2018', '18910', '301');
INSERT INTO Salary (salary_id, salary_date, salary_sum, employee_id) VALUES ('390', '26.1.2018', '19353', '309');
INSERT INTO Salary (salary_id, salary_date, salary_sum, employee_id) VALUES ('400', '12.5.2018', '14676', '317');
INSERT INTO Salary (salary_id, salary_date, salary_sum, employee_id) VALUES ('405', '28.3.2018', '11012', '325');
INSERT INTO Salary (salary_id, salary_date, salary_sum, employee_id) VALUES ('465', '18.1.2018', '16740', '333');
INSERT INTO Salary (salary_id, salary_date, salary_sum, employee_id) VALUES ('466', '10.5.2018', '19554', '341');
INSERT INTO Salary (salary_id, salary_date, salary_sum, employee_id) VALUES ('467', '13.4.2018', '8796', '349');
INSERT INTO Salary (salary_id, salary_date, salary_sum, employee_id) VALUES ('525', '3.3.2018', '24424', '357');
INSERT INTO Salary (salary_id, salary_date, salary_sum, employee_id) VALUES ('526', '13.5.2018', '17613', '365');
INSERT INTO Salary (salary_id, salary_date, salary_sum, employee_id) VALUES ('527', '9.2.2018', '28226', '373');
INSERT INTO Salary (salary_id, salary_date, salary_sum, employee_id) VALUES ('528', '7.1.2018', '13290', '381');
INSERT INTO Salary (salary_id, salary_date, salary_sum, employee_id) VALUES ('529', '2.2.2018', '22663', '389');
INSERT INTO Salary (salary_id, salary_date, salary_sum, employee_id) VALUES ('530', '7.2.2018', '13345', '397');
INSERT INTO Salary (salary_id, salary_date, salary_sum, employee_id) VALUES ('531', '15.2.2018', '12902', '45');
INSERT INTO Salary (salary_id, salary_date, salary_sum, employee_id) VALUES ('532', '3.5.2018', '20724', '53');
INSERT INTO Salary (salary_id, salary_date, salary_sum, employee_id) VALUES ('533', '14.3.2018', '28121', '61');
INSERT INTO Salary (salary_id, salary_date, salary_sum, employee_id) VALUES ('534', '16.5.2018', '24269', '69');
INSERT INTO Salary (salary_id, salary_date, salary_sum, employee_id) VALUES ('535', '19.5.2018', '13954', '77');
INSERT INTO Salary (salary_id, salary_date, salary_sum, employee_id) VALUES ('536', '5.3.2018', '5032', '85');
INSERT INTO Salary (salary_id, salary_date, salary_sum, employee_id) VALUES ('537', '26.1.2018', '17124', '93');
INSERT INTO Salary (salary_id, salary_date, salary_sum, employee_id) VALUES ('538', '14.3.2018', '15167', '101');
INSERT INTO Salary (salary_id, salary_date, salary_sum, employee_id) VALUES ('539', '5.2.2018', '17288', '109');
INSERT INTO Salary (salary_id, salary_date, salary_sum, employee_id) VALUES ('540', '14.5.2018', '14370', '117');
INSERT INTO Salary (salary_id, salary_date, salary_sum, employee_id) VALUES ('541', '11.1.2018', '10773', '125');
INSERT INTO Salary (salary_id, salary_date, salary_sum, employee_id) VALUES ('542', '9.5.2018', '18049', '133');
INSERT INTO Salary (salary_id, salary_date, salary_sum, employee_id) VALUES ('543', '28.1.2018', '18359', '141');
INSERT INTO Salary (salary_id, salary_date, salary_sum, employee_id) VALUES ('544', '28.1.2018', '20484', '149');
INSERT INTO Salary (salary_id, salary_date, salary_sum, employee_id) VALUES ('545', '23.4.2018', '10635', '157');
INSERT INTO Salary (salary_id, salary_date, salary_sum, employee_id) VALUES ('546', '21.4.2018', '5649', '165');
INSERT INTO Salary (salary_id, salary_date, salary_sum, employee_id) VALUES ('547', '20.4.2018', '27766', '173');
INSERT INTO Salary (salary_id, salary_date, salary_sum, employee_id) VALUES ('548', '23.3.2018', '5367', '181');
INSERT INTO Salary (salary_id, salary_date, salary_sum, employee_id) VALUES ('549', '8.3.2018', '16694', '189');
INSERT INTO Salary (salary_id, salary_date, salary_sum, employee_id) VALUES ('550', '17.2.2018', '23022', '197');
INSERT INTO Salary (salary_id, salary_date, salary_sum, employee_id) VALUES ('551', '28.3.2018', '8230', '205');
INSERT INTO Salary (salary_id, salary_date, salary_sum, employee_id) VALUES ('552', '21.4.2018', '10711', '213');
INSERT INTO Salary (salary_id, salary_date, salary_sum, employee_id) VALUES ('553', '21.4.2018', '23119', '221');
INSERT INTO Salary (salary_id, salary_date, salary_sum, employee_id) VALUES ('554', '17.2.2018', '11525', '229');
INSERT INTO Salary (salary_id, salary_date, salary_sum, employee_id) VALUES ('555', '12.5.2018', '27767', '237');
INSERT INTO Salary (salary_id, salary_date, salary_sum, employee_id) VALUES ('556', '2.1.2018', '7298', '245');
INSERT INTO Salary (salary_id, salary_date, salary_sum, employee_id) VALUES ('557', '11.2.2018', '5841', '253');
INSERT INTO Salary (salary_id, salary_date, salary_sum, employee_id) VALUES ('558', '13.5.2018', '8002', '261');
INSERT INTO Salary (salary_id, salary_date, salary_sum, employee_id) VALUES ('559', '1.3.2018', '5025', '269');
INSERT INTO Salary (salary_id, salary_date, salary_sum, employee_id) VALUES ('562', '29.4.2018', '6028', '277');
INSERT INTO Salary (salary_id, salary_date, salary_sum, employee_id) VALUES ('565', '14.3.2018', '9783', '285');
INSERT INTO Salary (salary_id, salary_date, salary_sum, employee_id) VALUES ('566', '26.4.2018', '26694', '293');
INSERT INTO Salary (salary_id, salary_date, salary_sum, employee_id) VALUES ('567', '13.3.2018', '5675', '301');
INSERT INTO Salary (salary_id, salary_date, salary_sum, employee_id) VALUES ('568', '17.4.2018', '20871', '309');
INSERT INTO Salary (salary_id, salary_date, salary_sum, employee_id) VALUES ('569', '4.3.2018', '20877', '317');
INSERT INTO Salary (salary_id, salary_date, salary_sum, employee_id) VALUES ('571', '10.2.2018', '17902', '325');
INSERT INTO Salary (salary_id, salary_date, salary_sum, employee_id) VALUES ('572', '3.2.2018', '10531', '333');
INSERT INTO Salary (salary_id, salary_date, salary_sum, employee_id) VALUES ('573', '13.4.2018', '6694', '341');
INSERT INTO Salary (salary_id, salary_date, salary_sum, employee_id) VALUES ('575', '19.2.2018', '19413', '349');
INSERT INTO Salary (salary_id, salary_date, salary_sum, employee_id) VALUES ('582', '14.5.2018', '19936', '365');
INSERT INTO Salary (salary_id, salary_date, salary_sum, employee_id) VALUES ('581', '11.1.2018', '23384', '373');
INSERT INTO Salary (salary_id, salary_date, salary_sum, employee_id) VALUES ('580', '4.5.2018', '23769', '357');
INSERT INTO Salary (salary_id, salary_date, salary_sum, employee_id) VALUES ('584', '22.3.2018', '21856', '381');
INSERT INTO Salary (salary_id, salary_date, salary_sum, employee_id) VALUES ('585', '2.4.2018', '28889', '389');
INSERT INTO Salary (salary_id, salary_date, salary_sum, employee_id) VALUES ('587', '11.5.2018', '7072', '397');
INSERT INTO Salary (salary_id, salary_date, salary_sum, employee_id) VALUES ('590', '12.1.2018', '18707', '45');
INSERT INTO Salary (salary_id, salary_date, salary_sum, employee_id) VALUES ('591', '19.2.2018', '24388', '53');
INSERT INTO Salary (salary_id, salary_date, salary_sum, employee_id) VALUES ('592', '21.3.2018', '25465', '61');
INSERT INTO Salary (salary_id, salary_date, salary_sum, employee_id) VALUES ('593', '29.3.2018', '28214', '69');
INSERT INTO Salary (salary_id, salary_date, salary_sum, employee_id) VALUES ('594', '6.2.2018', '14366', '77');
INSERT INTO Salary (salary_id, salary_date, salary_sum, employee_id) VALUES ('595', '10.4.2018', '5191', '85');
INSERT INTO Salary (salary_id, salary_date, salary_sum, employee_id) VALUES ('596', '13.3.2018', '18124', '93');
INSERT INTO Salary (salary_id, salary_date, salary_sum, employee_id) VALUES ('597', '10.2.2018', '10960', '101');
INSERT INTO Salary (salary_id, salary_date, salary_sum, employee_id) VALUES ('610', '6.1.2018', '28792', '109');
INSERT INTO Salary (salary_id, salary_date, salary_sum, employee_id) VALUES ('612', '21.1.2018', '12079', '117');
INSERT INTO Salary (salary_id, salary_date, salary_sum, employee_id) VALUES ('645', '28.4.2018', '11482', '125');
INSERT INTO Salary (salary_id, salary_date, salary_sum, employee_id) VALUES ('654', '4.1.2018', '8210', '133');
INSERT INTO Salary (salary_id, salary_date, salary_sum, employee_id) VALUES ('656', '13.5.2018', '16414', '141');
INSERT INTO Salary (salary_id, salary_date, salary_sum, employee_id) VALUES ('677', '22.5.2018', '28505', '149');
INSERT INTO Salary (salary_id, salary_date, salary_sum, employee_id) VALUES ('689', '29.1.2018', '26572', '157');
INSERT INTO Salary (salary_id, salary_date, salary_sum, employee_id) VALUES ('690', '1.2.2018', '11377', '165');
INSERT INTO Salary (salary_id, salary_date, salary_sum, employee_id) VALUES ('691', '25.2.2018', '20954', '173');
INSERT INTO Salary (salary_id, salary_date, salary_sum, employee_id) VALUES ('692', '16.2.2018', '18580', '181');
INSERT INTO Salary (salary_id, salary_date, salary_sum, employee_id) VALUES ('693', '26.1.2018', '11618', '189');
INSERT INTO Salary (salary_id, salary_date, salary_sum, employee_id) VALUES ('694', '21.3.2018', '29662', '197');



INSERT INTO Schedule (sched_date, employee_id, sched_id) VALUES ('3.4.2018', '45', '12');
INSERT INTO Schedule (sched_date, employee_id, sched_id) VALUES ('30.4.2018', '53', '25');
INSERT INTO Schedule (sched_date, employee_id, sched_id) VALUES ('12.3.2018', '61', '38');
INSERT INTO Schedule (sched_date, employee_id, sched_id) VALUES ('1.4.2018', '69', '51');
INSERT INTO Schedule (sched_date, employee_id, sched_id) VALUES ('10.2.2018', '77', '64');
INSERT INTO Schedule (sched_date, employee_id, sched_id) VALUES ('4.5.2018', '85', '77');
INSERT INTO Schedule (sched_date, employee_id, sched_id) VALUES ('17.3.2018', '93', '90');
INSERT INTO Schedule (sched_date, employee_id, sched_id) VALUES ('5.3.2018', '101', '103');
INSERT INTO Schedule (sched_date, employee_id, sched_id) VALUES ('1.2.2018', '109', '116');
INSERT INTO Schedule (sched_date, employee_id, sched_id) VALUES ('11.3.2018', '117', '129');
INSERT INTO Schedule (sched_date, employee_id, sched_id) VALUES ('11.3.2018', '125', '142');
INSERT INTO Schedule (sched_date, employee_id, sched_id) VALUES ('19.2.2018', '133', '155');
INSERT INTO Schedule (sched_date, employee_id, sched_id) VALUES ('30.3.2018', '141', '168');
INSERT INTO Schedule (sched_date, employee_id, sched_id) VALUES ('16.5.2018', '149', '181');
INSERT INTO Schedule (sched_date, employee_id, sched_id) VALUES ('1.3.2018', '157', '194');
INSERT INTO Schedule (sched_date, employee_id, sched_id) VALUES ('28.3.2018', '165', '207');
INSERT INTO Schedule (sched_date, employee_id, sched_id) VALUES ('27.3.2018', '173', '220');
INSERT INTO Schedule (sched_date, employee_id, sched_id) VALUES ('8.2.2018', '181', '233');
INSERT INTO Schedule (sched_date, employee_id, sched_id) VALUES ('18.4.2018', '189', '246');
INSERT INTO Schedule (sched_date, employee_id, sched_id) VALUES ('25.3.2018', '197', '259');
INSERT INTO Schedule (sched_date, employee_id, sched_id) VALUES ('24.2.2018', '205', '272');
INSERT INTO Schedule (sched_date, employee_id, sched_id) VALUES ('21.2.2018', '213', '285');
INSERT INTO Schedule (sched_date, employee_id, sched_id) VALUES ('12.5.2018', '221', '298');
INSERT INTO Schedule (sched_date, employee_id, sched_id) VALUES ('1.4.2018', '229', '311');
INSERT INTO Schedule (sched_date, employee_id, sched_id) VALUES ('27.2.2018', '237', '324');
INSERT INTO Schedule (sched_date, employee_id, sched_id) VALUES ('24.4.2018', '245', '337');
INSERT INTO Schedule (sched_date, employee_id, sched_id) VALUES ('11.4.2018', '253', '350');
INSERT INTO Schedule (sched_date, employee_id, sched_id) VALUES ('9.4.2018', '261', '363');
INSERT INTO Schedule (sched_date, employee_id, sched_id) VALUES ('14.4.2018', '269', '376');
INSERT INTO Schedule (sched_date, employee_id, sched_id) VALUES ('21.3.2018', '277', '389');
INSERT INTO Schedule (sched_date, employee_id, sched_id) VALUES ('14.3.2018', '285', '402');
INSERT INTO Schedule (sched_date, employee_id, sched_id) VALUES ('13.5.2018', '293', '415');
INSERT INTO Schedule (sched_date, employee_id, sched_id) VALUES ('8.3.2018', '301', '428');
INSERT INTO Schedule (sched_date, employee_id, sched_id) VALUES ('18.4.2018', '309', '441');
INSERT INTO Schedule (sched_date, employee_id, sched_id) VALUES ('9.2.2018', '317', '454');
INSERT INTO Schedule (sched_date, employee_id, sched_id) VALUES ('23.5.2018', '325', '467');
INSERT INTO Schedule (sched_date, employee_id, sched_id) VALUES ('16.5.2018', '333', '480');
INSERT INTO Schedule (sched_date, employee_id, sched_id) VALUES ('10.5.2018', '341', '493');
INSERT INTO Schedule (sched_date, employee_id, sched_id) VALUES ('14.4.2018', '349', '506');
INSERT INTO Schedule (sched_date, employee_id, sched_id) VALUES ('22.5.2018', '357', '519');
INSERT INTO Schedule (sched_date, employee_id, sched_id) VALUES ('15.4.2018', '365', '532');
INSERT INTO Schedule (sched_date, employee_id, sched_id) VALUES ('13.5.2018', '373', '545');
INSERT INTO Schedule (sched_date, employee_id, sched_id) VALUES ('13.3.2018', '381', '558');
INSERT INTO Schedule (sched_date, employee_id, sched_id) VALUES ('27.2.2018', '389', '571');
INSERT INTO Schedule (sched_date, employee_id, sched_id) VALUES ('12.2.2018', '397', '584');
INSERT INTO Schedule (sched_date, employee_id, sched_id) VALUES ('2.5.2018', '45', '597');
INSERT INTO Schedule (sched_date, employee_id, sched_id) VALUES ('14.5.2018', '53', '610');
INSERT INTO Schedule (sched_date, employee_id, sched_id) VALUES ('15.5.2018', '61', '623');
INSERT INTO Schedule (sched_date, employee_id, sched_id) VALUES ('4.2.2018', '69', '636');
INSERT INTO Schedule (sched_date, employee_id, sched_id) VALUES ('5.3.2018', '77', '649');
INSERT INTO Schedule (sched_date, employee_id, sched_id) VALUES ('30.4.2018', '85', '662');
INSERT INTO Schedule (sched_date, employee_id, sched_id) VALUES ('21.2.2018', '93', '675');
INSERT INTO Schedule (sched_date, employee_id, sched_id) VALUES ('11.2.2018', '101', '688');
INSERT INTO Schedule (sched_date, employee_id, sched_id) VALUES ('14.5.2018', '109', '701');
INSERT INTO Schedule (sched_date, employee_id, sched_id) VALUES ('4.4.2018', '117', '714');
INSERT INTO Schedule (sched_date, employee_id, sched_id) VALUES ('21.5.2018', '125', '727');
INSERT INTO Schedule (sched_date, employee_id, sched_id) VALUES ('10.2.2018', '133', '740');
INSERT INTO Schedule (sched_date, employee_id, sched_id) VALUES ('23.2.2018', '141', '753');
INSERT INTO Schedule (sched_date, employee_id, sched_id) VALUES ('16.3.2018', '149', '766');
INSERT INTO Schedule (sched_date, employee_id, sched_id) VALUES ('10.4.2018', '157', '779');
INSERT INTO Schedule (sched_date, employee_id, sched_id) VALUES ('20.3.2018', '165', '792');
INSERT INTO Schedule (sched_date, employee_id, sched_id) VALUES ('27.4.2018', '173', '805');
INSERT INTO Schedule (sched_date, employee_id, sched_id) VALUES ('7.5.2018', '181', '818');
INSERT INTO Schedule (sched_date, employee_id, sched_id) VALUES ('21.4.2018', '189', '831');
INSERT INTO Schedule (sched_date, employee_id, sched_id) VALUES ('25.2.2018', '197', '844');
INSERT INTO Schedule (sched_date, employee_id, sched_id) VALUES ('10.4.2018', '205', '857');
INSERT INTO Schedule (sched_date, employee_id, sched_id) VALUES ('28.4.2018', '213', '870');
INSERT INTO Schedule (sched_date, employee_id, sched_id) VALUES ('18.5.2018', '221', '883');
INSERT INTO Schedule (sched_date, employee_id, sched_id) VALUES ('7.4.2018', '229', '896');
INSERT INTO Schedule (sched_date, employee_id, sched_id) VALUES ('22.4.2018', '237', '909');
INSERT INTO Schedule (sched_date, employee_id, sched_id) VALUES ('12.3.2018', '245', '922');
INSERT INTO Schedule (sched_date, employee_id, sched_id) VALUES ('9.3.2018', '253', '935');
INSERT INTO Schedule (sched_date, employee_id, sched_id) VALUES ('20.4.2018', '261', '948');
INSERT INTO Schedule (sched_date, employee_id, sched_id) VALUES ('8.4.2018', '269', '961');
INSERT INTO Schedule (sched_date, employee_id, sched_id) VALUES ('12.3.2018', '277', '974');
INSERT INTO Schedule (sched_date, employee_id, sched_id) VALUES ('29.3.2018', '285', '987');
INSERT INTO Schedule (sched_date, employee_id, sched_id) VALUES ('9.4.2018', '293', '1000');
INSERT INTO Schedule (sched_date, employee_id, sched_id) VALUES ('12.2.2018', '301', '1013');
INSERT INTO Schedule (sched_date, employee_id, sched_id) VALUES ('24.2.2018', '309', '1026');
INSERT INTO Schedule (sched_date, employee_id, sched_id) VALUES ('9.2.2018', '45', '1039');
INSERT INTO Schedule (sched_date, employee_id, sched_id) VALUES ('22.2.2018', '53', '1052');
INSERT INTO Schedule (sched_date, employee_id, sched_id) VALUES ('1.3.2018', '61', '1065');
INSERT INTO Schedule (sched_date, employee_id, sched_id) VALUES ('27.4.2018', '77', '1078');
INSERT INTO Schedule (sched_date, employee_id, sched_id) VALUES ('1.2.2018', '109', '1091');
INSERT INTO Schedule (sched_date, employee_id, sched_id) VALUES ('22.3.2018', '117', '1104');
INSERT INTO Schedule (sched_date, employee_id, sched_id) VALUES ('17.5.2018', '125', '1117');
INSERT INTO Schedule (sched_date, employee_id, sched_id) VALUES ('7.3.2018', '133', '1130');
INSERT INTO Schedule (sched_date, employee_id, sched_id) VALUES ('18.4.2018', '141', '1143');
INSERT INTO Schedule (sched_date, employee_id, sched_id) VALUES ('19.3.2018', '149', '1156');
INSERT INTO Schedule (sched_date, employee_id, sched_id) VALUES ('16.3.2018', '157', '1169');
INSERT INTO Schedule (sched_date, employee_id, sched_id) VALUES ('10.4.2018', '165', '1182');
INSERT INTO Schedule (sched_date, employee_id, sched_id) VALUES ('21.2.2018', '173', '1195');
INSERT INTO Schedule (sched_date, employee_id, sched_id) VALUES ('27.2.2018', '181', '1208');
INSERT INTO Schedule (sched_date, employee_id, sched_id) VALUES ('20.2.2018', '189', '1221');
INSERT INTO Schedule (sched_date, employee_id, sched_id) VALUES ('6.5.2018', '197', '1234');
INSERT INTO Schedule (sched_date, employee_id, sched_id) VALUES ('8.2.2018', '205', '1247');
INSERT INTO Schedule (sched_date, employee_id, sched_id) VALUES ('12.3.2018', '213', '1260');
INSERT INTO Schedule (sched_date, employee_id, sched_id) VALUES ('17.4.2018', '221', '1273');
INSERT INTO Schedule (sched_date, employee_id, sched_id) VALUES ('19.2.2018', '229', '1286');
INSERT INTO Schedule (sched_date, employee_id, sched_id) VALUES ('7.4.2018', '237', '1299');
INSERT INTO Schedule (sched_date, employee_id, sched_id) VALUES ('17.3.2018', '245', '1312');
INSERT INTO Schedule (sched_date, employee_id, sched_id) VALUES ('11.3.2018', '253', '1325');
INSERT INTO Schedule (sched_date, employee_id, sched_id) VALUES ('23.5.2018', '261', '1338');
INSERT INTO Schedule (sched_date, employee_id, sched_id) VALUES ('29.3.2018', '269', '1351');
INSERT INTO Schedule (sched_date, employee_id, sched_id) VALUES ('21.2.2018', '277', '1364');
INSERT INTO Schedule (sched_date, employee_id, sched_id) VALUES ('1.3.2018', '285', '1377');
INSERT INTO Schedule (sched_date, employee_id, sched_id) VALUES ('4.4.2018', '293', '1390');
INSERT INTO Schedule (sched_date, employee_id, sched_id) VALUES ('14.4.2018', '301', '1403');
INSERT INTO Schedule (sched_date, employee_id, sched_id) VALUES ('11.2.2018', '309', '1416');
INSERT INTO Schedule (sched_date, employee_id, sched_id) VALUES ('22.2.2018', '317', '1429');
INSERT INTO Schedule (sched_date, employee_id, sched_id) VALUES ('4.3.2018', '325', '1442');
INSERT INTO Schedule (sched_date, employee_id, sched_id) VALUES ('16.3.2018', '333', '1455');
INSERT INTO Schedule (sched_date, employee_id, sched_id) VALUES ('14.2.2018', '341', '1468');
INSERT INTO Schedule (sched_date, employee_id, sched_id) VALUES ('11.4.2018', '349', '1481');
INSERT INTO Schedule (sched_date, employee_id, sched_id) VALUES ('4.2.2018', '357', '1494');
INSERT INTO Schedule (sched_date, employee_id, sched_id) VALUES ('24.4.2018', '365', '1507');
INSERT INTO Schedule (sched_date, employee_id, sched_id) VALUES ('13.4.2018', '373', '1520');
INSERT INTO Schedule (sched_date, employee_id, sched_id) VALUES ('6.3.2018', '381', '1533');
INSERT INTO Schedule (sched_date, employee_id, sched_id) VALUES ('29.4.2018', '389', '1546');
INSERT INTO Schedule (sched_date, employee_id, sched_id) VALUES ('28.2.2018', '397', '1559');
INSERT INTO Schedule (sched_date, employee_id, sched_id) VALUES ('7.2.2018', '45', '1572');
INSERT INTO Schedule (sched_date, employee_id, sched_id) VALUES ('1.2.2018', '53', '1585');
INSERT INTO Schedule (sched_date, employee_id, sched_id) VALUES ('21.2.2018', '61', '1598');
INSERT INTO Schedule (sched_date, employee_id, sched_id) VALUES ('7.2.2018', '69', '1611');
INSERT INTO Schedule (sched_date, employee_id, sched_id) VALUES ('10.4.2018', '77', '1624');
INSERT INTO Schedule (sched_date, employee_id, sched_id) VALUES ('9.3.2018', '85', '1637');
INSERT INTO Schedule (sched_date, employee_id, sched_id) VALUES ('20.5.2018', '93', '1650');
INSERT INTO Schedule (sched_date, employee_id, sched_id) VALUES ('19.2.2018', '101', '1663');
INSERT INTO Schedule (sched_date, employee_id, sched_id) VALUES ('4.5.2018', '109', '1676');
INSERT INTO Schedule (sched_date, employee_id, sched_id) VALUES ('8.3.2018', '117', '1689');
INSERT INTO Schedule (sched_date, employee_id, sched_id) VALUES ('24.4.2018', '125', '1702');
INSERT INTO Schedule (sched_date, employee_id, sched_id) VALUES ('18.4.2018', '133', '1715');
INSERT INTO Schedule (sched_date, employee_id, sched_id) VALUES ('23.3.2018', '141', '1728');
INSERT INTO Schedule (sched_date, employee_id, sched_id) VALUES ('4.2.2018', '149', '1741');
INSERT INTO Schedule (sched_date, employee_id, sched_id) VALUES ('18.4.2018', '157', '1754');
INSERT INTO Schedule (sched_date, employee_id, sched_id) VALUES ('16.3.2018', '165', '1767');
INSERT INTO Schedule (sched_date, employee_id, sched_id) VALUES ('16.2.2018', '173', '1780');
INSERT INTO Schedule (sched_date, employee_id, sched_id) VALUES ('15.4.2018', '181', '1793');
INSERT INTO Schedule (sched_date, employee_id, sched_id) VALUES ('14.4.2018', '189', '1806');
INSERT INTO Schedule (sched_date, employee_id, sched_id) VALUES ('23.2.2018', '197', '1819');
INSERT INTO Schedule (sched_date, employee_id, sched_id) VALUES ('10.2.2018', '205', '1832');
INSERT INTO Schedule (sched_date, employee_id, sched_id) VALUES ('17.2.2018', '213', '1845');
INSERT INTO Schedule (sched_date, employee_id, sched_id) VALUES ('20.4.2018', '341', '1858');
INSERT INTO Schedule (sched_date, employee_id, sched_id) VALUES ('20.3.2018', '349', '1871');
INSERT INTO Schedule (sched_date, employee_id, sched_id) VALUES ('1.4.2018', '357', '1884');
INSERT INTO Schedule (sched_date, employee_id, sched_id) VALUES ('1.5.2018', '365', '1897');
INSERT INTO Schedule (sched_date, employee_id, sched_id) VALUES ('7.3.2018', '373', '1910');
INSERT INTO Schedule (sched_date, employee_id, sched_id) VALUES ('15.3.2018', '381', '1923');
INSERT INTO Schedule (sched_date, employee_id, sched_id) VALUES ('18.5.2018', '389', '1936');







INSERT INTO Reservation (reserv_id, reserv_date,  b_id, employee_id, service_price, c_id, service_id) VALUES ('34', '1.4.2018', '11', '45', '1200', '25', '142');
INSERT INTO Reservation (reserv_id, reserv_date,  b_id, employee_id, service_price, c_id, service_id) VALUES ('38', '5.2.2018', '11', '53', '470', '32', '154');
INSERT INTO Reservation (reserv_id, reserv_date,  b_id, employee_id, service_price, c_id, service_id) VALUES ('42', '9.2.2018', '11', '61', '470', '39', '154');
INSERT INTO Reservation (reserv_id, reserv_date,  b_id, employee_id, service_price, c_id, service_id) VALUES ('46', '22.5.2018', '11', '69', '700', '46', '200');
INSERT INTO Reservation (reserv_id, reserv_date,  b_id, employee_id, service_price, c_id, service_id) VALUES ('50', '7.1.2018', '21', '77', '550', '53', '210');
INSERT INTO Reservation (reserv_id, reserv_date,  b_id, employee_id, service_price, c_id, service_id) VALUES ('54', '18.1.2018', '11', '85', '550', '60', '210');
INSERT INTO Reservation (reserv_id, reserv_date,  b_id, employee_id, service_price, c_id, service_id) VALUES ('58', '14.2.2018', '11', '93', '1000', '67', '174');
INSERT INTO Reservation (reserv_id, reserv_date,  b_id, employee_id, service_price, c_id, service_id) VALUES ('62', '22.3.2018', '11', '101', '450', '74', '141');
INSERT INTO Reservation (reserv_id, reserv_date,  b_id, employee_id, service_price, c_id, service_id) VALUES ('66', '8.1.2018', '21', '109', '450', '81', '141');
INSERT INTO Reservation (reserv_id, reserv_date,  b_id, employee_id, service_price, c_id, service_id) VALUES ('70', '29.4.2018', '21', '117', '495', '88', '256');
INSERT INTO Reservation (reserv_id, reserv_date,  b_id, employee_id, service_price, c_id, service_id) VALUES ('74', '12.5.2018', '21', '125', '470', '95', '154');
INSERT INTO Reservation (reserv_id, reserv_date,  b_id, employee_id, service_price, c_id, service_id) VALUES ('78', '12.2.2018', '21', '133', '500', '102', '12');
INSERT INTO Reservation (reserv_id, reserv_date,  b_id, employee_id, service_price, c_id, service_id) VALUES ('82', '23.2.2018', '21', '141', '650', '109', '145');
INSERT INTO Reservation (reserv_id, reserv_date,  b_id, employee_id, service_price, c_id, service_id) VALUES ('86', '10.5.2018', '21', '149', '470', '116', '154');
INSERT INTO Reservation (reserv_id, reserv_date,  b_id, employee_id, service_price, c_id, service_id) VALUES ('90', '31.3.2018', '31', '157', '370', '123', '45');
INSERT INTO Reservation (reserv_id, reserv_date,  b_id, employee_id, service_price, c_id, service_id) VALUES ('94', '20.1.2018', '31', '165', '370', '130', '45');
INSERT INTO Reservation (reserv_id, reserv_date,  b_id, employee_id, service_price, c_id, service_id) VALUES ('98', '27.3.2018', '31', '173', '250', '137', '88');
INSERT INTO Reservation (reserv_id, reserv_date,  b_id, employee_id, service_price, c_id, service_id) VALUES ('102', '21.4.2018', '31', '181', '250', '144', '88');
INSERT INTO Reservation (reserv_id, reserv_date,  b_id, employee_id, service_price, c_id, service_id) VALUES ('106', '31.1.2018', '31', '189', '1000', '151', '174');
INSERT INTO Reservation (reserv_id, reserv_date,  b_id, employee_id, service_price, c_id, service_id) VALUES ('110', '3.2.2018', '21', '197', '1200', '158', '142');
INSERT INTO Reservation (reserv_id, reserv_date,  b_id, employee_id, service_price, c_id, service_id) VALUES ('114', '6.1.2018', '31', '205', '650', '165', '78');
INSERT INTO Reservation (reserv_id, reserv_date,  b_id, employee_id, service_price, c_id, service_id) VALUES ('118', '24.2.2018', '31', '213', '370', '172', '45');
INSERT INTO Reservation (reserv_id, reserv_date,  b_id, employee_id, service_price, c_id, service_id) VALUES ('122', '3.3.2018', '31', '221', '500', '179', '12');
INSERT INTO Reservation (reserv_id, reserv_date,  b_id, employee_id, service_price, c_id, service_id) VALUES ('126', '17.5.2018', '31', '229', '550', '186', '210');
INSERT INTO Reservation (reserv_id, reserv_date,  b_id, employee_id, service_price, c_id, service_id) VALUES ('130', '2.1.2018', '31', '237', '550', '193', '210');
INSERT INTO Reservation (reserv_id, reserv_date,  b_id, employee_id, service_price, c_id, service_id) VALUES ('134', '7.5.2018', '31', '245', '700', '200', '200');
INSERT INTO Reservation (reserv_id, reserv_date,  b_id, employee_id, service_price, c_id, service_id) VALUES ('138', '3.3.2018', '21', '253', '400', '207', '71');
INSERT INTO Reservation (reserv_id, reserv_date,  b_id, employee_id, service_price, c_id, service_id) VALUES ('142', '11.4.2018', '21', '261', '400', '214', '71');
INSERT INTO Reservation (reserv_id, reserv_date,  b_id, employee_id, service_price, c_id, service_id) VALUES ('146', '2.1.2018', '21', '269', '200', '221', '54');
INSERT INTO Reservation (reserv_id, reserv_date,  b_id, employee_id, service_price, c_id, service_id) VALUES ('150', '12.4.2018', '21', '277', '200', '228', '54');
INSERT INTO Reservation (reserv_id, reserv_date,  b_id, employee_id, service_price, c_id, service_id) VALUES ('154', '11.2.2018', '21', '285', '200', '235', '54');
INSERT INTO Reservation (reserv_id, reserv_date,  b_id, employee_id, service_price, c_id, service_id) VALUES ('158', '16.4.2018', '21', '293', '200', '242', '54');
INSERT INTO Reservation (reserv_id, reserv_date,  b_id, employee_id, service_price, c_id, service_id) VALUES ('162', '26.4.2018', '21', '301', '1000', '249', '174');
INSERT INTO Reservation (reserv_id, reserv_date,  b_id, employee_id, service_price, c_id, service_id) VALUES ('166', '13.2.2018', '31', '309', '1200', '256', '142');
INSERT INTO Reservation (reserv_id, reserv_date,  b_id, employee_id, service_price, c_id, service_id) VALUES ('170', '28.2.2018', '31', '317', '200', '263', '54');
INSERT INTO Reservation (reserv_id, reserv_date,  b_id, employee_id, service_price, c_id, service_id) VALUES ('174', '20.1.2018', '31', '325', '700', '270', '200');
INSERT INTO Reservation (reserv_id, reserv_date,  b_id, employee_id, service_price, c_id, service_id) VALUES ('178', '12.2.2018', '21', '333', '500', '277', '12');
INSERT INTO Reservation (reserv_id, reserv_date,  b_id, employee_id, service_price, c_id, service_id) VALUES ('182', '21.2.2018', '11', '341', '1200', '284', '142');
INSERT INTO Reservation (reserv_id, reserv_date,  b_id, employee_id, service_price, c_id, service_id) VALUES ('186', '5.1.2018', '11', '349', '700', '291', '200');
INSERT INTO Reservation (reserv_id, reserv_date,  b_id, employee_id, service_price, c_id, service_id) VALUES ('190', '17.4.2018', '11', '357', '470', '298', '154');
INSERT INTO Reservation (reserv_id, reserv_date,  b_id, employee_id, service_price, c_id, service_id) VALUES ('194', '5.3.2018', '11', '365', '700', '305', '200');
INSERT INTO Reservation (reserv_id, reserv_date,  b_id, employee_id, service_price, c_id, service_id) VALUES ('198', '27.4.2018', '11', '373', '700', '312', '200');
INSERT INTO Reservation (reserv_id, reserv_date,  b_id, employee_id, service_price, c_id, service_id) VALUES ('202', '30.3.2018', '11', '381', '470', '319', '154');
INSERT INTO Reservation (reserv_id, reserv_date,  b_id, employee_id, service_price, c_id, service_id) VALUES ('206', '14.5.2018', '11', '389', '200', '326', '54');
INSERT INTO Reservation (reserv_id, reserv_date,  b_id, employee_id, service_price, c_id, service_id) VALUES ('210', '31.1.2018', '11', '397', '550', '333', '210');
INSERT INTO Reservation (reserv_id, reserv_date,  b_id, employee_id, service_price, c_id, service_id) VALUES ('534', '1.4.2018', '11', '45', '1200', '25', '142');
INSERT INTO Reservation (reserv_id, reserv_date,  b_id, employee_id, service_price, c_id, service_id) VALUES ('538', '5.2.2018', '11', '53', '470', '32', '154');
INSERT INTO Reservation (reserv_id, reserv_date,  b_id, employee_id, service_price, c_id, service_id) VALUES ('542', '9.2.2018', '11', '61', '470', '39', '154');
INSERT INTO Reservation (reserv_id, reserv_date,  b_id, employee_id, service_price, c_id, service_id) VALUES ('546', '22.5.2018', '11', '69', '700', '46', '200');
INSERT INTO Reservation (reserv_id, reserv_date,  b_id, employee_id, service_price, c_id, service_id) VALUES ('550', '7.1.2018', '21', '77', '550', '53', '210');
INSERT INTO Reservation (reserv_id, reserv_date,  b_id, employee_id, service_price, c_id, service_id) VALUES ('554', '18.1.2018', '11', '85', '550', '60', '210');
INSERT INTO Reservation (reserv_id, reserv_date,  b_id, employee_id, service_price, c_id, service_id) VALUES ('558', '14.2.2018', '11', '93', '1000', '67', '174');
INSERT INTO Reservation (reserv_id, reserv_date,  b_id, employee_id, service_price, c_id, service_id) VALUES ('562', '22.3.2018', '11', '101', '450', '74', '141');
INSERT INTO Reservation (reserv_id, reserv_date,  b_id, employee_id, service_price, c_id, service_id) VALUES ('566', '8.1.2018', '21', '109', '450', '81', '141');
INSERT INTO Reservation (reserv_id, reserv_date,  b_id, employee_id, service_price, c_id, service_id) VALUES ('570', '29.4.2018', '21', '117', '495', '88', '256');
INSERT INTO Reservation (reserv_id, reserv_date,  b_id, employee_id, service_price, c_id, service_id) VALUES ('574', '12.5.2018', '21', '125', '470', '95', '154');
INSERT INTO Reservation (reserv_id, reserv_date,  b_id, employee_id, service_price, c_id, service_id) VALUES ('578', '12.2.2018', '21', '133', '500', '102', '12');
INSERT INTO Reservation (reserv_id, reserv_date,  b_id, employee_id, service_price, c_id, service_id) VALUES ('582', '23.2.2018', '21', '141', '650', '109', '145');
INSERT INTO Reservation (reserv_id, reserv_date,  b_id, employee_id, service_price, c_id, service_id) VALUES ('586', '10.5.2018', '21', '149', '470', '116', '154');
INSERT INTO Reservation (reserv_id, reserv_date,  b_id, employee_id, service_price, c_id, service_id) VALUES ('590', '31.3.2018', '31', '157', '370', '123', '45');
INSERT INTO Reservation (reserv_id, reserv_date,  b_id, employee_id, service_price, c_id, service_id) VALUES ('594', '20.1.2018', '31', '165', '370', '130', '45');
INSERT INTO Reservation (reserv_id, reserv_date,  b_id, employee_id, service_price, c_id, service_id) VALUES ('598', '27.3.2018', '31', '173', '250', '137', '88');
INSERT INTO Reservation (reserv_id, reserv_date,  b_id, employee_id, service_price, c_id, service_id) VALUES ('602', '21.4.2018', '31', '181', '250', '144', '88');
INSERT INTO Reservation (reserv_id, reserv_date,  b_id, employee_id, service_price, c_id, service_id) VALUES ('606', '31.1.2018', '31', '189', '1000', '151', '174');
INSERT INTO Reservation (reserv_id, reserv_date,  b_id, employee_id, service_price, c_id, service_id) VALUES ('610', '3.2.2018', '21', '197', '1200', '158', '142');
INSERT INTO Reservation (reserv_id, reserv_date,  b_id, employee_id, service_price, c_id, service_id) VALUES ('614', '6.1.2018', '31', '205', '650', '165', '78');
INSERT INTO Reservation (reserv_id, reserv_date,  b_id, employee_id, service_price, c_id, service_id) VALUES ('618', '24.2.2018', '31', '213', '370', '172', '45');
INSERT INTO Reservation (reserv_id, reserv_date,  b_id, employee_id, service_price, c_id, service_id) VALUES ('622', '3.3.2018', '31', '221', '500', '179', '12');
INSERT INTO Reservation (reserv_id, reserv_date,  b_id, employee_id, service_price, c_id, service_id) VALUES ('626', '17.5.2018', '31', '229', '550', '186', '210');
INSERT INTO Reservation (reserv_id, reserv_date,  b_id, employee_id, service_price, c_id, service_id) VALUES ('630', '2.1.2018', '31', '237', '550', '193', '210');
INSERT INTO Reservation (reserv_id, reserv_date,  b_id, employee_id, service_price, c_id, service_id) VALUES ('634', '7.5.2018', '31', '245', '700', '200', '200');
INSERT INTO Reservation (reserv_id, reserv_date,  b_id, employee_id, service_price, c_id, service_id) VALUES ('638', '3.3.2018', '21', '253', '400', '207', '71');
INSERT INTO Reservation (reserv_id, reserv_date,  b_id, employee_id, service_price, c_id, service_id) VALUES ('642', '11.4.2018', '21', '261', '400', '214', '71');
INSERT INTO Reservation (reserv_id, reserv_date,  b_id, employee_id, service_price, c_id, service_id) VALUES ('646', '2.1.2018', '21', '269', '200', '221', '54');
INSERT INTO Reservation (reserv_id, reserv_date,  b_id, employee_id, service_price, c_id, service_id) VALUES ('650', '12.4.2018', '21', '277', '200', '228', '54');
INSERT INTO Reservation (reserv_id, reserv_date,  b_id, employee_id, service_price, c_id, service_id) VALUES ('654', '11.2.2018', '21', '285', '200', '235', '54');
INSERT INTO Reservation (reserv_id, reserv_date,  b_id, employee_id, service_price, c_id, service_id) VALUES ('658', '16.4.2018', '21', '293', '200', '242', '54');
INSERT INTO Reservation (reserv_id, reserv_date,  b_id, employee_id, service_price, c_id, service_id) VALUES ('662', '26.4.2018', '21', '301', '1000', '249', '174');
INSERT INTO Reservation (reserv_id, reserv_date,  b_id, employee_id, service_price, c_id, service_id) VALUES ('666', '13.2.2018', '31', '309', '1200', '256', '142');
INSERT INTO Reservation (reserv_id, reserv_date,  b_id, employee_id, service_price, c_id, service_id) VALUES ('670', '28.2.2018', '31', '317', '200', '263', '54');
INSERT INTO Reservation (reserv_id, reserv_date,  b_id, employee_id, service_price, c_id, service_id) VALUES ('674', '20.1.2018', '31', '325', '700', '270', '200');
INSERT INTO Reservation (reserv_id, reserv_date,  b_id, employee_id, service_price, c_id, service_id) VALUES ('678', '12.2.2018', '21', '333', '500', '277', '12');
INSERT INTO Reservation (reserv_id, reserv_date,  b_id, employee_id, service_price, c_id, service_id) VALUES ('682', '21.2.2018', '11', '341', '1200', '284', '142');
INSERT INTO Reservation (reserv_id, reserv_date,  b_id, employee_id, service_price, c_id, service_id) VALUES ('686', '5.1.2018', '11', '349', '700', '291', '200');
INSERT INTO Reservation (reserv_id, reserv_date,  b_id, employee_id, service_price, c_id, service_id) VALUES ('690', '17.4.2018', '11', '357', '470', '298', '154');
INSERT INTO Reservation (reserv_id, reserv_date,  b_id, employee_id, service_price, c_id, service_id) VALUES ('694', '5.3.2018', '11', '365', '700', '305', '200');
INSERT INTO Reservation (reserv_id, reserv_date,  b_id, employee_id, service_price, c_id, service_id) VALUES ('698', '27.4.2018', '11', '373', '700', '312', '200');
INSERT INTO Reservation (reserv_id, reserv_date,  b_id, employee_id, service_price, c_id, service_id) VALUES ('702', '30.3.2018', '11', '381', '470', '319', '154');
INSERT INTO Reservation (reserv_id, reserv_date,  b_id, employee_id, service_price, c_id, service_id) VALUES ('706', '14.5.2018', '11', '389', '200', '326', '54');
INSERT INTO Reservation (reserv_id, reserv_date,  b_id, employee_id, service_price, c_id, service_id) VALUES ('710', '31.1.2018', '11', '397', '550', '333', '210');
INSERT INTO Reservation (reserv_id, reserv_date,  b_id, employee_id, service_price, c_id, service_id) VALUES ('214', '29.1.2018', '21', '45', '495', '340', '256');
INSERT INTO Reservation (reserv_id, reserv_date,  b_id, employee_id, service_price, c_id, service_id) VALUES ('218', '22.4.2018', '11', '341', '495', '347', '256');
INSERT INTO Reservation (reserv_id, reserv_date,  b_id, employee_id, service_price, c_id, service_id) VALUES ('222', '4.1.2018', '21', '357', '250', '354', '88');
INSERT INTO Reservation (reserv_id, reserv_date,  b_id, employee_id, service_price, c_id, service_id) VALUES ('226', '2.1.2018', '21', '53', '650', '361', '145');
INSERT INTO Reservation (reserv_id, reserv_date,  b_id, employee_id, service_price, c_id, service_id) VALUES ('230', '28.3.2018', '21', '309', '650', '368', '78');
INSERT INTO Reservation (reserv_id, reserv_date,  b_id, employee_id, service_price, c_id, service_id) VALUES ('234', '2.2.2018', '21', '45', '700', '375', '200');
INSERT INTO Reservation (reserv_id, reserv_date,  b_id, employee_id, service_price, c_id, service_id) VALUES ('238', '5.3.2018', '21', '53', '700', '382', '200');
INSERT INTO Reservation (reserv_id, reserv_date,  b_id, employee_id, service_price, c_id, service_id) VALUES ('242', '22.2.2018', '21', '61', '1000', '389', '174');
INSERT INTO Reservation (reserv_id, reserv_date,  b_id, employee_id, service_price, c_id, service_id) VALUES ('246', '5.1.2018', '11', '69', '200', '396', '54');
INSERT INTO Reservation (reserv_id, reserv_date,  b_id, employee_id, service_price, c_id, service_id) VALUES ('250', '22.1.2018', '11', '77', '1200', '403', '142');
INSERT INTO Reservation (reserv_id, reserv_date,  b_id, employee_id, service_price, c_id, service_id) VALUES ('254', '29.4.2018', '11', '85', '1000', '410', '174');
INSERT INTO Reservation (reserv_id, reserv_date,  b_id, employee_id, service_price, c_id, service_id) VALUES ('258', '3.5.2018', '11', '93', '370', '417', '45');
INSERT INTO Reservation (reserv_id, reserv_date,  b_id, employee_id, service_price, c_id, service_id) VALUES ('262', '4.4.2018', '31', '101', '370', '424', '45');
INSERT INTO Reservation (reserv_id, reserv_date,  b_id, employee_id, service_price, c_id, service_id) VALUES ('266', '3.5.2018', '31', '109', '700', '431', '200');
INSERT INTO Reservation (reserv_id, reserv_date,  b_id, employee_id, service_price, c_id, service_id) VALUES ('270', '12.4.2018', '31', '117', '700', '438', '200');
INSERT INTO Reservation (reserv_id, reserv_date,  b_id, employee_id, service_price, c_id, service_id) VALUES ('274', '3.4.2018', '31', '125', '1000', '445', '174');
INSERT INTO Reservation (reserv_id, reserv_date,  b_id, employee_id, service_price, c_id, service_id) VALUES ('278', '21.2.2018', '31', '133', '200', '452', '54');
INSERT INTO Reservation (reserv_id, reserv_date,  b_id, employee_id, service_price, c_id, service_id) VALUES ('282', '19.4.2018', '31', '141', '500', '459', '12');
INSERT INTO Reservation (reserv_id, reserv_date,  b_id, employee_id, service_price, c_id, service_id) VALUES ('286', '20.1.2018', '11', '149', '500', '466', '12');
INSERT INTO Reservation (reserv_id, reserv_date,  b_id, employee_id, service_price, c_id, service_id) VALUES ('290', '15.5.2018', '11', '157', '700', '473', '200');
INSERT INTO Reservation (reserv_id, reserv_date,  b_id, employee_id, service_price, c_id, service_id) VALUES ('294', '3.4.2018', '21', '165', '470', '480', '154');
INSERT INTO Reservation (reserv_id, reserv_date,  b_id, employee_id, service_price, c_id, service_id) VALUES ('298', '15.2.2018', '21', '173', '470', '487', '154');
INSERT INTO Reservation (reserv_id, reserv_date,  b_id, employee_id, service_price, c_id, service_id) VALUES ('302', '28.2.2018', '21', '181', '370', '494', '45');
INSERT INTO Reservation (reserv_id, reserv_date,  b_id, employee_id, service_price, c_id, service_id) VALUES ('306', '14.1.2018', '21', '189', '1000', '501', '174');
INSERT INTO Reservation (reserv_id, reserv_date,  b_id, employee_id, service_price, c_id, service_id) VALUES ('310', '14.2.2018', '11', '197', '1000', '508', '174');
INSERT INTO Reservation (reserv_id, reserv_date,  b_id, employee_id, service_price, c_id, service_id) VALUES ('314', '2.3.2018', '21', '205', '370', '515', '45');
INSERT INTO Reservation (reserv_id, reserv_date,  b_id, employee_id, service_price, c_id, service_id) VALUES ('318', '29.4.2018', '31', '213', '1000', '522', '174');
INSERT INTO Reservation (reserv_id, reserv_date,  b_id, employee_id, service_price, c_id, service_id) VALUES ('322', '5.2.2018', '21', '221', '400', '529', '71');
INSERT INTO Reservation (reserv_id, reserv_date,  b_id, employee_id, service_price, c_id, service_id) VALUES ('326', '25.2.2018', '21', '229', '500', '536', '12');
INSERT INTO Reservation (reserv_id, reserv_date,  b_id, employee_id, service_price, c_id, service_id) VALUES ('330', '25.3.2018', '31', '237', '370', '543', '45');
INSERT INTO Reservation (reserv_id, reserv_date,  b_id, employee_id, service_price, c_id, service_id) VALUES ('334', '24.1.2018', '31', '245', '1000', '550', '174');
INSERT INTO Reservation (reserv_id, reserv_date,  b_id, employee_id, service_price, c_id, service_id) VALUES ('338', '16.2.2018', '31', '253', '1000', '557', '174');
INSERT INTO Reservation (reserv_id, reserv_date,  b_id, employee_id, service_price, c_id, service_id) VALUES ('342', '30.4.2018', '11', '261', '700', '564', '200');
INSERT INTO Reservation (reserv_id, reserv_date,  b_id, employee_id, service_price, c_id, service_id) VALUES ('346', '12.3.2018', '11', '269', '700', '571', '200');
INSERT INTO Reservation (reserv_id, reserv_date,  b_id, employee_id, service_price, c_id, service_id) VALUES ('350', '18.1.2018', '11', '277', '700', '578', '200');
INSERT INTO Reservation (reserv_id, reserv_date,  b_id, employee_id, service_price, c_id, service_id) VALUES ('354', '8.3.2018', '11', '285', '500', '585', '12');
INSERT INTO Reservation (reserv_id, reserv_date,  b_id, employee_id, service_price, c_id, service_id) VALUES ('358', '17.3.2018', '11', '293', '500', '592', '12');
INSERT INTO Reservation (reserv_id, reserv_date,  b_id, employee_id, service_price, c_id, service_id) VALUES ('362', '17.1.2018', '11', '301', '1000', '599', '174');
INSERT INTO Reservation (reserv_id, reserv_date,  b_id, employee_id, service_price, c_id, service_id) VALUES ('366', '16.3.2018', '11', '309', '1000', '606', '174');
INSERT INTO Reservation (reserv_id, reserv_date,  b_id, employee_id, service_price, c_id, service_id) VALUES ('370', '10.4.2018', '21', '317', '700', '613', '200');
INSERT INTO Reservation (reserv_id, reserv_date,  b_id, employee_id, service_price, c_id, service_id) VALUES ('374', '2.2.2018', '21', '325', '550', '620', '210');
INSERT INTO Reservation (reserv_id, reserv_date,  b_id, employee_id, service_price, c_id, service_id) VALUES ('378', '24.2.2018', '21', '333', '1200', '627', '142');
INSERT INTO Reservation (reserv_id, reserv_date,  b_id, employee_id, service_price, c_id, service_id) VALUES ('382', '30.1.2018', '31', '341', '500', '634', '12');
INSERT INTO Reservation (reserv_id, reserv_date,  b_id, employee_id, service_price, c_id, service_id) VALUES ('386', '17.2.2018', '31', '349', '495', '641', '256');
INSERT INTO Reservation (reserv_id, reserv_date,  b_id, employee_id, service_price, c_id, service_id) VALUES ('390', '1.3.2018', '31', '357', '495', '648', '256');
INSERT INTO Reservation (reserv_id, reserv_date,  b_id, employee_id, service_price, c_id, service_id) VALUES ('394', '24.1.2018', '31', '365', '700', '655', '200');
INSERT INTO Reservation (reserv_id, reserv_date,  b_id, employee_id, service_price, c_id, service_id) VALUES ('398', '22.4.2018', '31', '373', '550', '662', '210');
INSERT INTO Reservation (reserv_id, reserv_date,  b_id, employee_id, service_price, c_id, service_id) VALUES ('402', '10.4.2018', '11', '381', '550', '669', '210');
INSERT INTO Reservation (reserv_id, reserv_date,  b_id, employee_id, service_price, c_id, service_id) VALUES ('406', '6.1.2018', '11', '389', '200', '676', '54');
INSERT INTO Reservation (reserv_id, reserv_date,  b_id, employee_id, service_price, c_id, service_id) VALUES ('410', '12.4.2018', '21', '397', '200', '683', '54');
INSERT INTO Reservation (reserv_id, reserv_date,  b_id, employee_id, service_price, c_id, service_id) VALUES ('414', '14.5.2018', '21', '205', '200', '690', '54');
INSERT INTO Reservation (reserv_id, reserv_date,  b_id, employee_id, service_price, c_id, service_id) VALUES ('418', '21.2.2018', '21', '213', '700', '697', '200');
INSERT INTO Reservation (reserv_id, reserv_date,  b_id, employee_id, service_price, c_id, service_id) VALUES ('422', '26.3.2018', '21', '221', '470', '704', '154');
INSERT INTO Reservation (reserv_id, reserv_date,  b_id, employee_id, service_price, c_id, service_id) VALUES ('426', '10.4.2018', '21', '229', '470', '711', '154');
INSERT INTO Reservation (reserv_id, reserv_date,  b_id, employee_id, service_price, c_id, service_id) VALUES ('430', '3.3.2018', '21', '237', '700', '718', '200');
INSERT INTO Reservation (reserv_id, reserv_date,  b_id, employee_id, service_price, c_id, service_id) VALUES ('434', '27.2.2018', '21', '245', '650', '725', '78');
INSERT INTO Reservation (reserv_id, reserv_date,  b_id, employee_id, service_price, c_id, service_id) VALUES ('438', '10.5.2018', '21', '253', '650', '732', '78');
INSERT INTO Reservation (reserv_id, reserv_date,  b_id, employee_id, service_price, c_id, service_id) VALUES ('442', '11.3.2018', '21', '261', '550', '739', '210');
INSERT INTO Reservation (reserv_id, reserv_date,  b_id, employee_id, service_price, c_id, service_id) VALUES ('446', '9.3.2018', '21', '269', '400', '746', '71');
INSERT INTO Reservation (reserv_id, reserv_date,  b_id, employee_id, service_price, c_id, service_id) VALUES ('450', '27.4.2018', '21', '277', '400', '753', '71');
INSERT INTO Reservation (reserv_id, reserv_date,  b_id, employee_id, service_price, c_id, service_id) VALUES ('454', '18.1.2018', '21', '285', '1200', '760', '142');
INSERT INTO Reservation (reserv_id, reserv_date,  b_id, employee_id, service_price, c_id, service_id) VALUES ('458', '25.4.2018', '31', '293', '370', '767', '45');
INSERT INTO Reservation (reserv_id, reserv_date,  b_id, employee_id, service_price, c_id, service_id) VALUES ('462', '24.4.2018', '31', '301', '500', '774', '12');
INSERT INTO Reservation (reserv_id, reserv_date,  b_id, employee_id, service_price, c_id, service_id) VALUES ('466', '23.3.2018', '31', '309', '250', '781', '88');
INSERT INTO Reservation (reserv_id, reserv_date,  b_id, employee_id, service_price, c_id, service_id) VALUES ('470', '12.1.2018', '31', '317', '1200', '788', '142');
INSERT INTO Reservation (reserv_id, reserv_date,  b_id, employee_id, service_price, c_id, service_id) VALUES ('474', '13.1.2018', '31', '325', '700', '795', '200');
INSERT INTO Reservation (reserv_id, reserv_date,  b_id, employee_id, service_price, c_id, service_id) VALUES ('475', '18.1.2018', '31', '325', '1500', '795', '10');



INSERT INTO Relation_11 (Branch_b_id, Goods_g_id) VALUES ('11', '15');
INSERT INTO Relation_11 (Branch_b_id, Goods_g_id) VALUES ('11', '19');
INSERT INTO Relation_11 (Branch_b_id, Goods_g_id) VALUES ('11', '23');
INSERT INTO Relation_11 (Branch_b_id, Goods_g_id) VALUES ('11', '27');
INSERT INTO Relation_11 (Branch_b_id, Goods_g_id) VALUES ('11', '31');
INSERT INTO Relation_11 (Branch_b_id, Goods_g_id) VALUES ('11', '35');
INSERT INTO Relation_11 (Branch_b_id, Goods_g_id) VALUES ('11', '39');
INSERT INTO Relation_11 (Branch_b_id, Goods_g_id) VALUES ('11', '43');
INSERT INTO Relation_11 (Branch_b_id, Goods_g_id) VALUES ('11', '47');
INSERT INTO Relation_11 (Branch_b_id, Goods_g_id) VALUES ('21', '51');
INSERT INTO Relation_11 (Branch_b_id, Goods_g_id) VALUES ('21', '55');
INSERT INTO Relation_11 (Branch_b_id, Goods_g_id) VALUES ('21', '59');
INSERT INTO Relation_11 (Branch_b_id, Goods_g_id) VALUES ('21', '63');
INSERT INTO Relation_11 (Branch_b_id, Goods_g_id) VALUES ('21', '67');
INSERT INTO Relation_11 (Branch_b_id, Goods_g_id) VALUES ('21', '71');
INSERT INTO Relation_11 (Branch_b_id, Goods_g_id) VALUES ('21', '75');
INSERT INTO Relation_11 (Branch_b_id, Goods_g_id) VALUES ('21', '79');
INSERT INTO Relation_11 (Branch_b_id, Goods_g_id) VALUES ('21', '83');
INSERT INTO Relation_11 (Branch_b_id, Goods_g_id) VALUES ('21', '87');
INSERT INTO Relation_11 (Branch_b_id, Goods_g_id) VALUES ('31', '91');
INSERT INTO Relation_11 (Branch_b_id, Goods_g_id) VALUES ('31', '95');
INSERT INTO Relation_11 (Branch_b_id, Goods_g_id) VALUES ('31', '99');
INSERT INTO Relation_11 (Branch_b_id, Goods_g_id) VALUES ('31', '103');
INSERT INTO Relation_11 (Branch_b_id, Goods_g_id) VALUES ('31', '107');
INSERT INTO Relation_11 (Branch_b_id, Goods_g_id) VALUES ('31', '111');
INSERT INTO Relation_11 (Branch_b_id, Goods_g_id) VALUES ('31', '115');
INSERT INTO Relation_11 (Branch_b_id, Goods_g_id) VALUES ('31', '119');
INSERT INTO Relation_11 (Branch_b_id, Goods_g_id) VALUES ('31', '123');
INSERT INTO Relation_11 (Branch_b_id, Goods_g_id) VALUES ('31', '127');
INSERT INTO Relation_11 (Branch_b_id, Goods_g_id) VALUES ('11', '131');
INSERT INTO Relation_11 (Branch_b_id, Goods_g_id) VALUES ('21', '135');
INSERT INTO Relation_11 (Branch_b_id, Goods_g_id) VALUES ('31', '139');
INSERT INTO Relation_11 (Branch_b_id, Goods_g_id) VALUES ('21', '143');
INSERT INTO Relation_11 (Branch_b_id, Goods_g_id) VALUES ('21', '147');
INSERT INTO Relation_11 (Branch_b_id, Goods_g_id) VALUES ('21', '151');
INSERT INTO Relation_11 (Branch_b_id, Goods_g_id) VALUES ('21', '155');
INSERT INTO Relation_11 (Branch_b_id, Goods_g_id) VALUES ('21', '159');
INSERT INTO Relation_11 (Branch_b_id, Goods_g_id) VALUES ('11', '163');
INSERT INTO Relation_11 (Branch_b_id, Goods_g_id) VALUES ('11', '167');
INSERT INTO Relation_11 (Branch_b_id, Goods_g_id) VALUES ('11', '171');
INSERT INTO Relation_11 (Branch_b_id, Goods_g_id) VALUES ('11', '175');
INSERT INTO Relation_11 (Branch_b_id, Goods_g_id) VALUES ('11', '179');
INSERT INTO Relation_11 (Branch_b_id, Goods_g_id) VALUES ('21', '183');
INSERT INTO Relation_11 (Branch_b_id, Goods_g_id) VALUES ('21', '187');
INSERT INTO Relation_11 (Branch_b_id, Goods_g_id) VALUES ('21', '191');
INSERT INTO Relation_11 (Branch_b_id, Goods_g_id) VALUES ('31', '195');
INSERT INTO Relation_11 (Branch_b_id, Goods_g_id) VALUES ('31', '199');
INSERT INTO Relation_11 (Branch_b_id, Goods_g_id) VALUES ('31', '203');
INSERT INTO Relation_11 (Branch_b_id, Goods_g_id) VALUES ('31', '207');
INSERT INTO Relation_11 (Branch_b_id, Goods_g_id) VALUES ('31', '211');
INSERT INTO Relation_11 (Branch_b_id, Goods_g_id) VALUES ('31', '215');
INSERT INTO Relation_11 (Branch_b_id, Goods_g_id) VALUES ('31', '219');
INSERT INTO Relation_11 (Branch_b_id, Goods_g_id) VALUES ('31', '223');
INSERT INTO Relation_11 (Branch_b_id, Goods_g_id) VALUES ('31', '227');
INSERT INTO Relation_11 (Branch_b_id, Goods_g_id) VALUES ('31', '231');
INSERT INTO Relation_11 (Branch_b_id, Goods_g_id) VALUES ('31', '235');
INSERT INTO Relation_11 (Branch_b_id, Goods_g_id) VALUES ('31', '239');
INSERT INTO Relation_11 (Branch_b_id, Goods_g_id) VALUES ('11', '243');
INSERT INTO Relation_11 (Branch_b_id, Goods_g_id) VALUES ('31', '247');
INSERT INTO Relation_11 (Branch_b_id, Goods_g_id) VALUES ('31', '251');
INSERT INTO Relation_11 (Branch_b_id, Goods_g_id) VALUES ('11', '255');
INSERT INTO Relation_11 (Branch_b_id, Goods_g_id) VALUES ('31', '259');
INSERT INTO Relation_11 (Branch_b_id, Goods_g_id) VALUES ('31', '263');
INSERT INTO Relation_11 (Branch_b_id, Goods_g_id) VALUES ('31', '267');
INSERT INTO Relation_11 (Branch_b_id, Goods_g_id) VALUES ('31', '271');
INSERT INTO Relation_11 (Branch_b_id, Goods_g_id) VALUES ('31', '275');
INSERT INTO Relation_11 (Branch_b_id, Goods_g_id) VALUES ('31', '279');
INSERT INTO Relation_11 (Branch_b_id, Goods_g_id) VALUES ('21', '283');
INSERT INTO Relation_11 (Branch_b_id, Goods_g_id) VALUES ('21', '287');
INSERT INTO Relation_11 (Branch_b_id, Goods_g_id) VALUES ('21', '291');
INSERT INTO Relation_11 (Branch_b_id, Goods_g_id) VALUES ('21', '295');
INSERT INTO Relation_11 (Branch_b_id, Goods_g_id) VALUES ('21', '299');
INSERT INTO Relation_11 (Branch_b_id, Goods_g_id) VALUES ('21', '303');
INSERT INTO Relation_11 (Branch_b_id, Goods_g_id) VALUES ('21', '307');
INSERT INTO Relation_11 (Branch_b_id, Goods_g_id) VALUES ('21', '311');
INSERT INTO Relation_11 (Branch_b_id, Goods_g_id) VALUES ('21', '315');
INSERT INTO Relation_11 (Branch_b_id, Goods_g_id) VALUES ('21', '319');
INSERT INTO Relation_11 (Branch_b_id, Goods_g_id) VALUES ('21', '323');
INSERT INTO Relation_11 (Branch_b_id, Goods_g_id) VALUES ('21', '327');
INSERT INTO Relation_11 (Branch_b_id, Goods_g_id) VALUES ('21', '331');
INSERT INTO Relation_11 (Branch_b_id, Goods_g_id) VALUES ('21', '335');
INSERT INTO Relation_11 (Branch_b_id, Goods_g_id) VALUES ('21', '339');
INSERT INTO Relation_11 (Branch_b_id, Goods_g_id) VALUES ('21', '343');
INSERT INTO Relation_11 (Branch_b_id, Goods_g_id) VALUES ('21', '347');
INSERT INTO Relation_11 (Branch_b_id, Goods_g_id) VALUES ('21', '351');
INSERT INTO Relation_11 (Branch_b_id, Goods_g_id) VALUES ('11', '355');
INSERT INTO Relation_11 (Branch_b_id, Goods_g_id) VALUES ('11', '359');
INSERT INTO Relation_11 (Branch_b_id, Goods_g_id) VALUES ('11', '363');
INSERT INTO Relation_11 (Branch_b_id, Goods_g_id) VALUES ('11', '367');
INSERT INTO Relation_11 (Branch_b_id, Goods_g_id) VALUES ('21', '371');
INSERT INTO Relation_11 (Branch_b_id, Goods_g_id) VALUES ('21', '375');
INSERT INTO Relation_11 (Branch_b_id, Goods_g_id) VALUES ('21', '379');
INSERT INTO Relation_11 (Branch_b_id, Goods_g_id) VALUES ('21', '383');
INSERT INTO Relation_11 (Branch_b_id, Goods_g_id) VALUES ('21', '387');
INSERT INTO Relation_11 (Branch_b_id, Goods_g_id) VALUES ('21', '391');
INSERT INTO Relation_11 (Branch_b_id, Goods_g_id) VALUES ('31', '395');
INSERT INTO Relation_11 (Branch_b_id, Goods_g_id) VALUES ('31', '399');
INSERT INTO Relation_11 (Branch_b_id, Goods_g_id) VALUES ('31', '403');
INSERT INTO Relation_11 (Branch_b_id, Goods_g_id) VALUES ('31', '407');
INSERT INTO Relation_11 (Branch_b_id, Goods_g_id) VALUES ('31', '411');
INSERT INTO Relation_11 (Branch_b_id, Goods_g_id) VALUES ('31', '415');
INSERT INTO Relation_11 (Branch_b_id, Goods_g_id) VALUES ('31', '419');
INSERT INTO Relation_11 (Branch_b_id, Goods_g_id) VALUES ('31', '423');
INSERT INTO Relation_11 (Branch_b_id, Goods_g_id) VALUES ('31', '427');
INSERT INTO Relation_11 (Branch_b_id, Goods_g_id) VALUES ('31', '431');
INSERT INTO Relation_11 (Branch_b_id, Goods_g_id) VALUES ('31', '435');
INSERT INTO Relation_11 (Branch_b_id, Goods_g_id) VALUES ('31', '439');
INSERT INTO Relation_11 (Branch_b_id, Goods_g_id) VALUES ('31', '443');
INSERT INTO Relation_11 (Branch_b_id, Goods_g_id) VALUES ('21', '447');
INSERT INTO Relation_11 (Branch_b_id, Goods_g_id) VALUES ('11', '451');
INSERT INTO Relation_11 (Branch_b_id, Goods_g_id) VALUES ('11', '455');
INSERT INTO Relation_11 (Branch_b_id, Goods_g_id) VALUES ('11', '459');
INSERT INTO Relation_11 (Branch_b_id, Goods_g_id) VALUES ('11', '463');
INSERT INTO Relation_11 (Branch_b_id, Goods_g_id) VALUES ('11', '467');
INSERT INTO Relation_11 (Branch_b_id, Goods_g_id) VALUES ('11', '471');
INSERT INTO Relation_11 (Branch_b_id, Goods_g_id) VALUES ('11', '475');
INSERT INTO Relation_11 (Branch_b_id, Goods_g_id) VALUES ('11', '479');
INSERT INTO Relation_11 (Branch_b_id, Goods_g_id) VALUES ('11', '483');
INSERT INTO Relation_11 (Branch_b_id, Goods_g_id) VALUES ('11', '487');
INSERT INTO Relation_11 (Branch_b_id, Goods_g_id) VALUES ('11', '491');
INSERT INTO Relation_11 (Branch_b_id, Goods_g_id) VALUES ('11', '495');
INSERT INTO Relation_11 (Branch_b_id, Goods_g_id) VALUES ('11', '499');
INSERT INTO Relation_11 (Branch_b_id, Goods_g_id) VALUES ('11', '503');
INSERT INTO Relation_11 (Branch_b_id, Goods_g_id) VALUES ('11', '507');
INSERT INTO Relation_11 (Branch_b_id, Goods_g_id) VALUES ('11', '511');
INSERT INTO Relation_11 (Branch_b_id, Goods_g_id) VALUES ('11', '515');
INSERT INTO Relation_11 (Branch_b_id, Goods_g_id) VALUES ('11', '519');
INSERT INTO Relation_11 (Branch_b_id, Goods_g_id) VALUES ('11', '523');
INSERT INTO Relation_11 (Branch_b_id, Goods_g_id) VALUES ('21', '527');
INSERT INTO Relation_11 (Branch_b_id, Goods_g_id) VALUES ('21', '531');
INSERT INTO Relation_11 (Branch_b_id, Goods_g_id) VALUES ('11', '535');
INSERT INTO Relation_11 (Branch_b_id, Goods_g_id) VALUES ('11', '539');
INSERT INTO Relation_11 (Branch_b_id, Goods_g_id) VALUES ('21', '543');
INSERT INTO Relation_11 (Branch_b_id, Goods_g_id) VALUES ('21', '547');
INSERT INTO Relation_11 (Branch_b_id, Goods_g_id) VALUES ('21', '551');
INSERT INTO Relation_11 (Branch_b_id, Goods_g_id) VALUES ('31', '555');
INSERT INTO Relation_11 (Branch_b_id, Goods_g_id) VALUES ('31', '559');
INSERT INTO Relation_11 (Branch_b_id, Goods_g_id) VALUES ('31', '563');
INSERT INTO Relation_11 (Branch_b_id, Goods_g_id) VALUES ('31', '567');
INSERT INTO Relation_11 (Branch_b_id, Goods_g_id) VALUES ('31', '571');
INSERT INTO Relation_11 (Branch_b_id, Goods_g_id) VALUES ('31', '575');
INSERT INTO Relation_11 (Branch_b_id, Goods_g_id) VALUES ('31', '579');
INSERT INTO Relation_11 (Branch_b_id, Goods_g_id) VALUES ('31', '583');
INSERT INTO Relation_11 (Branch_b_id, Goods_g_id) VALUES ('11', '587');
INSERT INTO Relation_11 (Branch_b_id, Goods_g_id) VALUES ('11', '591');
INSERT INTO Relation_11 (Branch_b_id, Goods_g_id) VALUES ('11', '595');
INSERT INTO Relation_11 (Branch_b_id, Goods_g_id) VALUES ('11', '599');
INSERT INTO Relation_11 (Branch_b_id, Goods_g_id) VALUES ('11', '603');
INSERT INTO Relation_11 (Branch_b_id, Goods_g_id) VALUES ('11', '607');
INSERT INTO Relation_11 (Branch_b_id, Goods_g_id) VALUES ('11', '611');
INSERT INTO Relation_11 (Branch_b_id, Goods_g_id) VALUES ('11', '615');
INSERT INTO Relation_11 (Branch_b_id, Goods_g_id) VALUES ('11', '619');
INSERT INTO Relation_11 (Branch_b_id, Goods_g_id) VALUES ('11', '623');
INSERT INTO Relation_11 (Branch_b_id, Goods_g_id) VALUES ('11', '627');
INSERT INTO Relation_11 (Branch_b_id, Goods_g_id) VALUES ('11', '631');
INSERT INTO Relation_11 (Branch_b_id, Goods_g_id) VALUES ('11', '635');
INSERT INTO Relation_11 (Branch_b_id, Goods_g_id) VALUES ('11', '639');
INSERT INTO Relation_11 (Branch_b_id, Goods_g_id) VALUES ('11', '643');
INSERT INTO Relation_11 (Branch_b_id, Goods_g_id) VALUES ('11', '647');
INSERT INTO Relation_11 (Branch_b_id, Goods_g_id) VALUES ('11', '651');
INSERT INTO Relation_11 (Branch_b_id, Goods_g_id) VALUES ('11', '655');
INSERT INTO Relation_11 (Branch_b_id, Goods_g_id) VALUES ('11', '659');
INSERT INTO Relation_11 (Branch_b_id, Goods_g_id) VALUES ('21', '663');
INSERT INTO Relation_11 (Branch_b_id, Goods_g_id) VALUES ('21', '667');
INSERT INTO Relation_11 (Branch_b_id, Goods_g_id) VALUES ('21', '671');
INSERT INTO Relation_11 (Branch_b_id, Goods_g_id) VALUES ('21', '675');
INSERT INTO Relation_11 (Branch_b_id, Goods_g_id) VALUES ('21', '679');
INSERT INTO Relation_11 (Branch_b_id, Goods_g_id) VALUES ('21', '683');
INSERT INTO Relation_11 (Branch_b_id, Goods_g_id) VALUES ('21', '687');
INSERT INTO Relation_11 (Branch_b_id, Goods_g_id) VALUES ('21', '691');
INSERT INTO Relation_11 (Branch_b_id, Goods_g_id) VALUES ('11', '695');
INSERT INTO Relation_11 (Branch_b_id, Goods_g_id) VALUES ('11', '699');
INSERT INTO Relation_11 (Branch_b_id, Goods_g_id) VALUES ('11', '703');
INSERT INTO Relation_11 (Branch_b_id, Goods_g_id) VALUES ('11', '707');
INSERT INTO Relation_11 (Branch_b_id, Goods_g_id) VALUES ('11', '711');
INSERT INTO Relation_11 (Branch_b_id, Goods_g_id) VALUES ('11', '715');
INSERT INTO Relation_11 (Branch_b_id, Goods_g_id) VALUES ('11', '719');
INSERT INTO Relation_11 (Branch_b_id, Goods_g_id) VALUES ('11', '723');
INSERT INTO Relation_11 (Branch_b_id, Goods_g_id) VALUES ('11', '727');
INSERT INTO Relation_11 (Branch_b_id, Goods_g_id) VALUES ('11', '731');
INSERT INTO Relation_11 (Branch_b_id, Goods_g_id) VALUES ('31', '735');
INSERT INTO Relation_11 (Branch_b_id, Goods_g_id) VALUES ('31', '739');
INSERT INTO Relation_11 (Branch_b_id, Goods_g_id) VALUES ('31', '743');
INSERT INTO Relation_11 (Branch_b_id, Goods_g_id) VALUES ('31', '747');
INSERT INTO Relation_11 (Branch_b_id, Goods_g_id) VALUES ('11', '751');
INSERT INTO Relation_11 (Branch_b_id, Goods_g_id) VALUES ('11', '755');
INSERT INTO Relation_11 (Branch_b_id, Goods_g_id) VALUES ('11', '759');
INSERT INTO Relation_11 (Branch_b_id, Goods_g_id) VALUES ('11', '763');
INSERT INTO Relation_11 (Branch_b_id, Goods_g_id) VALUES ('11', '767');
INSERT INTO Relation_11 (Branch_b_id, Goods_g_id) VALUES ('11', '771');
INSERT INTO Relation_11 (Branch_b_id, Goods_g_id) VALUES ('11', '775');
INSERT INTO Relation_11 (Branch_b_id, Goods_g_id) VALUES ('11', '779');
INSERT INTO Relation_11 (Branch_b_id, Goods_g_id) VALUES ('11', '783');
INSERT INTO Relation_11 (Branch_b_id, Goods_g_id) VALUES ('11', '787');
INSERT INTO Relation_11 (Branch_b_id, Goods_g_id) VALUES ('11', '791');
INSERT INTO Relation_11 (Branch_b_id, Goods_g_id) VALUES ('11', '795');
INSERT INTO Relation_11 (Branch_b_id, Goods_g_id) VALUES ('11', '799');
INSERT INTO Relation_11 (Branch_b_id, Goods_g_id) VALUES ('11', '803');
INSERT INTO Relation_11 (Branch_b_id, Goods_g_id) VALUES ('11', '807');
INSERT INTO Relation_11 (Branch_b_id, Goods_g_id) VALUES ('21', '811');
INSERT INTO Relation_11 (Branch_b_id, Goods_g_id) VALUES ('21', '815');
INSERT INTO Relation_11 (Branch_b_id, Goods_g_id) VALUES ('21', '819');
INSERT INTO Relation_11 (Branch_b_id, Goods_g_id) VALUES ('21', '823');
INSERT INTO Relation_11 (Branch_b_id, Goods_g_id) VALUES ('21', '827');
INSERT INTO Relation_11 (Branch_b_id, Goods_g_id) VALUES ('21', '831');
INSERT INTO Relation_11 (Branch_b_id, Goods_g_id) VALUES ('21', '835');
INSERT INTO Relation_11 (Branch_b_id, Goods_g_id) VALUES ('21', '839');
INSERT INTO Relation_11 (Branch_b_id, Goods_g_id) VALUES ('21', '843');
INSERT INTO Relation_11 (Branch_b_id, Goods_g_id) VALUES ('21', '847');
INSERT INTO Relation_11 (Branch_b_id, Goods_g_id) VALUES ('21', '851');
INSERT INTO Relation_11 (Branch_b_id, Goods_g_id) VALUES ('21', '855');
INSERT INTO Relation_11 (Branch_b_id, Goods_g_id) VALUES ('21', '859');
INSERT INTO Relation_11 (Branch_b_id, Goods_g_id) VALUES ('11', '863');
INSERT INTO Relation_11 (Branch_b_id, Goods_g_id) VALUES ('11', '867');
INSERT INTO Relation_11 (Branch_b_id, Goods_g_id) VALUES ('11', '871');
INSERT INTO Relation_11 (Branch_b_id, Goods_g_id) VALUES ('11', '875');
INSERT INTO Relation_11 (Branch_b_id, Goods_g_id) VALUES ('11', '879');
INSERT INTO Relation_11 (Branch_b_id, Goods_g_id) VALUES ('11', '883');
INSERT INTO Relation_11 (Branch_b_id, Goods_g_id) VALUES ('11', '887');
INSERT INTO Relation_11 (Branch_b_id, Goods_g_id) VALUES ('21', '891');
INSERT INTO Relation_11 (Branch_b_id, Goods_g_id) VALUES ('21', '895');
INSERT INTO Relation_11 (Branch_b_id, Goods_g_id) VALUES ('21', '899');
INSERT INTO Relation_11 (Branch_b_id, Goods_g_id) VALUES ('21', '903');
INSERT INTO Relation_11 (Branch_b_id, Goods_g_id) VALUES ('21', '907');
INSERT INTO Relation_11 (Branch_b_id, Goods_g_id) VALUES ('21', '911');
INSERT INTO Relation_11 (Branch_b_id, Goods_g_id) VALUES ('21', '915');
INSERT INTO Relation_11 (Branch_b_id, Goods_g_id) VALUES ('21', '919');
INSERT INTO Relation_11 (Branch_b_id, Goods_g_id) VALUES ('21', '923');
INSERT INTO Relation_11 (Branch_b_id, Goods_g_id) VALUES ('11', '927');
INSERT INTO Relation_11 (Branch_b_id, Goods_g_id) VALUES ('11', '931');
INSERT INTO Relation_11 (Branch_b_id, Goods_g_id) VALUES ('11', '935');
INSERT INTO Relation_11 (Branch_b_id, Goods_g_id) VALUES ('11', '939');
INSERT INTO Relation_11 (Branch_b_id, Goods_g_id) VALUES ('31', '943');
INSERT INTO Relation_11 (Branch_b_id, Goods_g_id) VALUES ('31', '947');
INSERT INTO Relation_11 (Branch_b_id, Goods_g_id) VALUES ('31', '951');
INSERT INTO Relation_11 (Branch_b_id, Goods_g_id) VALUES ('31', '955');
INSERT INTO Relation_11 (Branch_b_id, Goods_g_id) VALUES ('21', '959');
INSERT INTO Relation_11 (Branch_b_id, Goods_g_id) VALUES ('21', '963');
INSERT INTO Relation_11 (Branch_b_id, Goods_g_id) VALUES ('31', '967');
INSERT INTO Relation_11 (Branch_b_id, Goods_g_id) VALUES ('11', '971');
INSERT INTO Relation_11 (Branch_b_id, Goods_g_id) VALUES ('31', '975');
INSERT INTO Relation_11 (Branch_b_id, Goods_g_id) VALUES ('31', '979');
INSERT INTO Relation_11 (Branch_b_id, Goods_g_id) VALUES ('31', '983');
INSERT INTO Relation_11 (Branch_b_id, Goods_g_id) VALUES ('31', '987');
INSERT INTO Relation_11 (Branch_b_id, Goods_g_id) VALUES ('21', '991');
INSERT INTO Relation_11 (Branch_b_id, Goods_g_id) VALUES ('21', '995');
INSERT INTO Relation_11 (Branch_b_id, Goods_g_id) VALUES ('11', '999');
INSERT INTO Relation_11 (Branch_b_id, Goods_g_id) VALUES ('11', '1003');
INSERT INTO Relation_11 (Branch_b_id, Goods_g_id) VALUES ('11', '1007');
INSERT INTO Relation_11 (Branch_b_id, Goods_g_id) VALUES ('11', '1011');
INSERT INTO Relation_11 (Branch_b_id, Goods_g_id) VALUES ('21', '1015');
INSERT INTO Relation_11 (Branch_b_id, Goods_g_id) VALUES ('11', '1019');
INSERT INTO Relation_11 (Branch_b_id, Goods_g_id) VALUES ('31', '1023');
INSERT INTO Relation_11 (Branch_b_id, Goods_g_id) VALUES ('31', '1027');
INSERT INTO Relation_11 (Branch_b_id, Goods_g_id) VALUES ('31', '1031');
INSERT INTO Relation_11 (Branch_b_id, Goods_g_id) VALUES ('31', '1035');
INSERT INTO Relation_11 (Branch_b_id, Goods_g_id) VALUES ('31', '1039');
INSERT INTO Relation_11 (Branch_b_id, Goods_g_id) VALUES ('11', '1043');
INSERT INTO Relation_11 (Branch_b_id, Goods_g_id) VALUES ('31', '1047');
INSERT INTO Relation_11 (Branch_b_id, Goods_g_id) VALUES ('31', '1051');
INSERT INTO Relation_11 (Branch_b_id, Goods_g_id) VALUES ('31', '1055');
INSERT INTO Relation_11 (Branch_b_id, Goods_g_id) VALUES ('21', '1059');
INSERT INTO Relation_11 (Branch_b_id, Goods_g_id) VALUES ('21', '1063');
INSERT INTO Relation_11 (Branch_b_id, Goods_g_id) VALUES ('21', '1067');
INSERT INTO Relation_11 (Branch_b_id, Goods_g_id) VALUES ('21', '1071');
INSERT INTO Relation_11 (Branch_b_id, Goods_g_id) VALUES ('21', '1075');
INSERT INTO Relation_11 (Branch_b_id, Goods_g_id) VALUES ('21', '1079');
INSERT INTO Relation_11 (Branch_b_id, Goods_g_id) VALUES ('21', '1083');
INSERT INTO Relation_11 (Branch_b_id, Goods_g_id) VALUES ('21', '1087');
INSERT INTO Relation_11 (Branch_b_id, Goods_g_id) VALUES ('21', '1091');
INSERT INTO Relation_11 (Branch_b_id, Goods_g_id) VALUES ('21', '1095');
INSERT INTO Relation_11 (Branch_b_id, Goods_g_id) VALUES ('21', '1099');
INSERT INTO Relation_11 (Branch_b_id, Goods_g_id) VALUES ('21', '1103');
INSERT INTO Relation_11 (Branch_b_id, Goods_g_id) VALUES ('21', '1107');
INSERT INTO Relation_11 (Branch_b_id, Goods_g_id) VALUES ('21', '1111');
INSERT INTO Relation_11 (Branch_b_id, Goods_g_id) VALUES ('21', '1115');
INSERT INTO Relation_11 (Branch_b_id, Goods_g_id) VALUES ('21', '1119');
INSERT INTO Relation_11 (Branch_b_id, Goods_g_id) VALUES ('21', '1123');
INSERT INTO Relation_11 (Branch_b_id, Goods_g_id) VALUES ('21', '1127');
INSERT INTO Relation_11 (Branch_b_id, Goods_g_id) VALUES ('21', '1131');
INSERT INTO Relation_11 (Branch_b_id, Goods_g_id) VALUES ('21', '1135');
INSERT INTO Relation_11 (Branch_b_id, Goods_g_id) VALUES ('21', '1139');
INSERT INTO Relation_11 (Branch_b_id, Goods_g_id) VALUES ('21', '1143');
INSERT INTO Relation_11 (Branch_b_id, Goods_g_id) VALUES ('21', '1147');
INSERT INTO Relation_11 (Branch_b_id, Goods_g_id) VALUES ('21', '1151');
INSERT INTO Relation_11 (Branch_b_id, Goods_g_id) VALUES ('21', '1155');
INSERT INTO Relation_11 (Branch_b_id, Goods_g_id) VALUES ('21', '1159');
INSERT INTO Relation_11 (Branch_b_id, Goods_g_id) VALUES ('21', '1163');
INSERT INTO Relation_11 (Branch_b_id, Goods_g_id) VALUES ('31', '1167');
INSERT INTO Relation_11 (Branch_b_id, Goods_g_id) VALUES ('31', '1171');
INSERT INTO Relation_11 (Branch_b_id, Goods_g_id) VALUES ('31', '1175');
INSERT INTO Relation_11 (Branch_b_id, Goods_g_id) VALUES ('31', '1179');
INSERT INTO Relation_11 (Branch_b_id, Goods_g_id) VALUES ('31', '1183');
INSERT INTO Relation_11 (Branch_b_id, Goods_g_id) VALUES ('31', '1187');
INSERT INTO Relation_11 (Branch_b_id, Goods_g_id) VALUES ('31', '1191');
INSERT INTO Relation_11 (Branch_b_id, Goods_g_id) VALUES ('31', '1195');
INSERT INTO Relation_11 (Branch_b_id, Goods_g_id) VALUES ('31', '1199');
INSERT INTO Relation_11 (Branch_b_id, Goods_g_id) VALUES ('31', '1203');
INSERT INTO Relation_11 (Branch_b_id, Goods_g_id) VALUES ('31', '1207');
INSERT INTO Relation_11 (Branch_b_id, Goods_g_id) VALUES ('31', '1211');

commit;

