<?xml version = '1.0' encoding = 'UTF-8'?>
<FKIndexAssociation class="oracle.dbtools.crest.model.design.relational.FKIndexAssociation" directorySegmentName="seg_0" id="2608A669-F177-B964-C551-86E8C1EEF38D" containerWithKeyObject="F2C6E456-1EAB-8657-89C0-471A97CAB8E3" localFKIndex="4162CD64-08F6-15A9-485C-5ED82B7D6B16" name="Schedule_Employee_FK">
<createdBy>nursu</createdBy>
<createdTime>2018-04-20 19:43:43 UTC</createdTime>
<generatorID>FA9BF97E-43B3-E77A-7293-5C84FFA8EF49</generatorID>
<ownerDesignName>Barbershop</ownerDesignName>
<referredTableLongName>Employee</referredTableLongName>
<deleteRule>NO ACTION</deleteRule>
<referredTableID>255C1588-8611-8438-B301-9A467F65F420</referredTableID>
<keyObject>B08B4A6B-BEA2-0D4B-FADE-D4DD337844FE</keyObject>
<referredKeyID>B08B4A6B-BEA2-0D4B-FADE-D4DD337844FE</referredKeyID>
<mandatory>true</mandatory>
<refColNames>employee_id</refColNames>
<transferable>true</transferable>
<rely>false</rely>
<columnDependencyConstraintGenerateInDDL>true</columnDependencyConstraintGenerateInDDL>
</FKIndexAssociation>