<?xml version = '1.0' encoding = 'UTF-8'?>
<FKIndexAssociation class="oracle.dbtools.crest.model.design.relational.FKIndexAssociation" directorySegmentName="seg_0" id="85C821AA-D339-BB02-09DA-219FF77CBC40" containerWithKeyObject="A4CFD854-451D-6C8B-EAB3-35F74E80762A" localFKIndex="726F6C12-D995-3FF5-71D2-261089A340E2" name="Salary_Employee_FK">
<createdBy>nursu</createdBy>
<createdTime>2018-04-20 19:43:43 UTC</createdTime>
<generatorID>1E891EB6-D910-585B-DBD1-2164F6F63191</generatorID>
<ownerDesignName>Barbershop</ownerDesignName>
<referredTableLongName>Employee</referredTableLongName>
<deleteRule>NO ACTION</deleteRule>
<referredTableID>255C1588-8611-8438-B301-9A467F65F420</referredTableID>
<keyObject>B08B4A6B-BEA2-0D4B-FADE-D4DD337844FE</keyObject>
<referredKeyID>B08B4A6B-BEA2-0D4B-FADE-D4DD337844FE</referredKeyID>
<mandatory>true</mandatory>
<refColNames>employee_id</refColNames>
<transferable>true</transferable>
<rely>false</rely>
<columnDependencyConstraintGenerateInDDL>true</columnDependencyConstraintGenerateInDDL>
</FKIndexAssociation>