<?xml version = '1.0' encoding = 'UTF-8'?>
<FKIndexAssociation class="oracle.dbtools.crest.model.design.relational.FKIndexAssociation" directorySegmentName="seg_0" id="DF133A37-14A1-4D03-A838-4FAA2F431B2A" containerWithKeyObject="91C54D8A-FBE8-A51D-644A-BFF4B0A04D10" localFKIndex="1DE8D246-7168-E5E4-54C1-38FE997E99EB" name="Relation_11_Branch_FK">
<createdBy>nursu</createdBy>
<createdTime>2018-05-24 22:11:26 UTC</createdTime>
<generatorID>77669AD2-8881-CD64-2A20-324A220B14D5</generatorID>
<ownerDesignName>Barbershop</ownerDesignName>
<referredTableLongName>Branch</referredTableLongName>
<deleteRule>NO ACTION</deleteRule>
<referredTableID>78DF4073-E7AE-90E9-5566-C7C05BA20232</referredTableID>
<keyObject>665FBFAF-0FA1-A2CE-3664-637688E9F6AE</keyObject>
<referredKeyID>665FBFAF-0FA1-A2CE-3664-637688E9F6AE</referredKeyID>
<mandatory>true</mandatory>
<refColNames>b_id</refColNames>
<transferable>true</transferable>
<rely>false</rely>
<columnDependencyConstraintGenerateInDDL>true</columnDependencyConstraintGenerateInDDL>
</FKIndexAssociation>