<?xml version = '1.0' encoding = 'UTF-8'?>
<FKIndexAssociation class="oracle.dbtools.crest.model.design.relational.FKIndexAssociation" directorySegmentName="seg_0" id="EF149F5F-561B-687F-FBC9-71477656D3DC" containerWithKeyObject="F97D3ABD-1EAA-9381-5D52-84227F6953EF" localFKIndex="DDB6437A-CEAC-ED47-128B-8631FB4B73E6" name="Reservation_Customer_FK">
<createdBy>nursu</createdBy>
<createdTime>2018-05-25 12:26:14 UTC</createdTime>
<generatorID>48184F14-F1EA-311D-B57B-D4A428185F71</generatorID>
<ownerDesignName>Barbershop</ownerDesignName>
<referredTableLongName>Customer</referredTableLongName>
<deleteRule>NO ACTION</deleteRule>
<referredTableID>E1389C76-3FA8-182F-CF6D-560A6097CA6F</referredTableID>
<keyObject>FCD3D459-CF19-95DD-E540-A0AC1ABE531B</keyObject>
<referredKeyID>FCD3D459-CF19-95DD-E540-A0AC1ABE531B</referredKeyID>
<mandatory>true</mandatory>
<refColNames>c_id</refColNames>
<transferable>true</transferable>
<rely>false</rely>
<columnDependencyConstraintGenerateInDDL>true</columnDependencyConstraintGenerateInDDL>
</FKIndexAssociation>