<?xml version = '1.0' encoding = 'UTF-8'?>
<FKIndexAssociation class="oracle.dbtools.crest.model.design.relational.FKIndexAssociation" directorySegmentName="seg_0" id="FEAC4BE9-C8B5-B19E-39F2-F8E6851CE4F7" containerWithKeyObject="F97D3ABD-1EAA-9381-5D52-84227F6953EF" localFKIndex="21B65B48-EFAE-0829-3384-CC6FB014CF8B" name="Reservation_Service_FK">
<createdBy>nursu</createdBy>
<createdTime>2018-04-20 19:43:44 UTC</createdTime>
<generatorID>E6461A8A-BBAF-D737-05FB-21CAC1B8BC8A</generatorID>
<ownerDesignName>Barbershop</ownerDesignName>
<referredTableLongName>Service</referredTableLongName>
<deleteRule>NO ACTION</deleteRule>
<referredTableID>F95BB66F-E8C6-306E-969E-34D586D28D08</referredTableID>
<keyObject>EC40E645-3602-08E7-E340-8AC41821AF07</keyObject>
<referredKeyID>EC40E645-3602-08E7-E340-8AC41821AF07</referredKeyID>
<mandatory>true</mandatory>
<refColNames>service_id</refColNames>
<transferable>true</transferable>
<rely>false</rely>
<columnDependencyConstraintGenerateInDDL>true</columnDependencyConstraintGenerateInDDL>
</FKIndexAssociation>