<?xml version = '1.0' encoding = 'UTF-8'?>
<Entity class="oracle.dbtools.crest.model.design.logical.Entity" directorySegmentName="seg_0" id="0A5130D2-3FCE-7516-045D-EB81B157FDEA" name="Service">
<createdBy>nursu</createdBy>
<createdTime>2018-04-20 17:43:13 UTC</createdTime>
<ownerDesignName>Barbershop Excellent</ownerDesignName>
<engineerTo>
<item key="F482A4B5-83A7-51C2-15C8-7A69CA016E9D" value="true"/>
</engineerTo>
<adequatelyNormalized>NO</adequatelyNormalized>
<expectedVolumes>0</expectedVolumes>
<fwdEngineeringStrategyName>Single Table</fwdEngineeringStrategyName>
<growthPercent>0</growthPercent>
<growthType>Year</growthType>
<maxVolumes>9999999</maxVolumes>
<minVolumes>0</minVolumes>
<normalForm>Third</normalForm>
<attributes itemClass="oracle.dbtools.crest.model.design.logical.Attribute">
<Attribute name="service_id" id="18BECEE8-F88D-E111-6ABB-31C7FDD71180">
<createdBy>nursu</createdBy>
<createdTime>2018-05-25 12:20:29 UTC</createdTime>
<ownerDesignName>Barbershop Excellent</ownerDesignName>
<engineerTo>
<item key="F482A4B5-83A7-51C2-15C8-7A69CA016E9D" value="true"/>
</engineerTo>
<useDomainConstraints>false</useDomainConstraints>
<use>1</use>
<logicalDatatype>LOGDT011</logicalDatatype>
<ownDataTypeParameters>,,</ownDataTypeParameters>
</Attribute>
<Attribute name="service type" id="C20B697F-0B83-AD8F-5ED9-DE371EC9952B">
<createdBy>nursu</createdBy>
<createdTime>2018-04-20 19:02:41 UTC</createdTime>
<ownerDesignName>Barbershop Excellent</ownerDesignName>
<engineerTo>
<item key="F482A4B5-83A7-51C2-15C8-7A69CA016E9D" value="true"/>
</engineerTo>
<useDomainConstraints>false</useDomainConstraints>
<use>1</use>
<logicalDatatype>LOGDT025</logicalDatatype>
<dataTypeSize>30</dataTypeSize>
<ownDataTypeParameters>30,,</ownDataTypeParameters>
</Attribute>
<Attribute name="service price" id="54ADFB7C-9F87-A37F-55AA-43E0B37DE2A2">
<createdBy>nursu</createdBy>
<createdTime>2018-04-20 19:03:04 UTC</createdTime>
<ownerDesignName>Barbershop Excellent</ownerDesignName>
<engineerTo>
<item key="F482A4B5-83A7-51C2-15C8-7A69CA016E9D" value="true"/>
</engineerTo>
<useDomainConstraints>false</useDomainConstraints>
<use>1</use>
<logicalDatatype>LOGDT043</logicalDatatype>
<ownDataTypeParameters>,,</ownDataTypeParameters>
</Attribute>
<Attribute name="service id" id="519E0794-E38F-2221-F3B3-7AD052BC585A">
<createdBy>nursu</createdBy>
<createdTime>2018-05-25 12:48:52 UTC</createdTime>
<generatorID>F5F88975-4997-A62C-E912-ABC415F7FD8A</generatorID>
<ownerDesignName>Barbershop Excellent</ownerDesignName>
<engineerTo>
<item key="F482A4B5-83A7-51C2-15C8-7A69CA016E9D" value="true"/>
</engineerTo>
<useDomainConstraints>false</useDomainConstraints>
<use>1</use>
<logicalDatatype>LOGDT011</logicalDatatype>
<ownDataTypeParameters>,,</ownDataTypeParameters>
</Attribute>
</attributes>
<identifiers itemClass="oracle.dbtools.crest.model.design.logical.CandidateKey">
<identifier id="F69A3B28-5A87-C606-7A84-69B658F62290" name="Service PK">
<createdBy>nursu</createdBy>
<createdTime>2018-04-20 19:03:00 UTC</createdTime>
<ownerDesignName>Barbershop Excellent</ownerDesignName>
<engineerTo>
<item key="F482A4B5-83A7-51C2-15C8-7A69CA016E9D" value="true"/>
</engineerTo>
<pk>true</pk>
<usedAttributes>
<attributeRef>519E0794-E38F-2221-F3B3-7AD052BC585A</attributeRef>
</usedAttributes>
</identifier>
</identifiers>
</Entity>