<?xml version = '1.0' encoding = 'UTF-8'?>
<Entity class="oracle.dbtools.crest.model.design.logical.Entity" directorySegmentName="seg_0" id="16F4867F-5B09-FAAE-D1E2-281644251868" name="Schedule">
<createdBy>nursu</createdBy>
<createdTime>2018-04-20 19:22:40 UTC</createdTime>
<ownerDesignName>Barbershop Excellent</ownerDesignName>
<engineerTo>
<item key="F482A4B5-83A7-51C2-15C8-7A69CA016E9D" value="true"/>
</engineerTo>
<adequatelyNormalized>NO</adequatelyNormalized>
<expectedVolumes>0</expectedVolumes>
<fwdEngineeringStrategyName>Single Table</fwdEngineeringStrategyName>
<growthPercent>0</growthPercent>
<growthType>Year</growthType>
<maxVolumes>9999999</maxVolumes>
<minVolumes>0</minVolumes>
<normalForm>Third</normalForm>
<attributes itemClass="oracle.dbtools.crest.model.design.logical.Attribute">
<Attribute name="employee id" id="C5235756-6D1D-9702-A60E-FE5E592F8099">
<createdBy>nursu</createdBy>
<createdTime>2018-04-20 19:25:12 UTC</createdTime>
<generatorID>FA9BF97E-43B3-E77A-7293-5C84FFA8EF49</generatorID>
<ownerDesignName>Barbershop Excellent</ownerDesignName>
<engineerTo>
<item key="F482A4B5-83A7-51C2-15C8-7A69CA016E9D" value="true"/>
</engineerTo>
<referedAttribute>3D59D21B-E575-5E07-01A8-4579825E5771</referedAttribute>
<useDomainConstraints>false</useDomainConstraints>
<use>1</use>
<logicalDatatype>LOGDT011</logicalDatatype>
<ownDataTypeParameters>,,</ownDataTypeParameters>
</Attribute>
<Attribute name="sched id" id="A9AC0FE4-C83B-1030-6A80-CA47D594FCE2">
<createdBy>nursu</createdBy>
<createdTime>2018-04-20 19:22:56 UTC</createdTime>
<ownerDesignName>Barbershop Excellent</ownerDesignName>
<engineerTo>
<item key="F482A4B5-83A7-51C2-15C8-7A69CA016E9D" value="true"/>
</engineerTo>
<useDomainConstraints>false</useDomainConstraints>
<use>1</use>
<logicalDatatype>LOGDT011</logicalDatatype>
<ownDataTypeParameters>,,</ownDataTypeParameters>
<preferredAbbreviation>STIME</preferredAbbreviation>
</Attribute>
<Attribute name="sched date" id="4A4C3A8A-626B-0A35-8259-D38C9F7D63CE">
<createdBy>nursu</createdBy>
<createdTime>2018-04-20 19:24:14 UTC</createdTime>
<ownerDesignName>Barbershop Excellent</ownerDesignName>
<engineerTo>
<item key="F482A4B5-83A7-51C2-15C8-7A69CA016E9D" value="true"/>
</engineerTo>
<useDomainConstraints>false</useDomainConstraints>
<use>1</use>
<logicalDatatype>LOGDT007</logicalDatatype>
<ownDataTypeParameters>,,</ownDataTypeParameters>
<preferredAbbreviation>SDATE</preferredAbbreviation>
</Attribute>
</attributes>
<identifiers itemClass="oracle.dbtools.crest.model.design.logical.CandidateKey">
<identifier id="B430E541-C1AB-02B6-4D5F-F67349060D6F" name="Schedule PK">
<createdBy>nursu</createdBy>
<createdTime>2018-04-20 19:23:14 UTC</createdTime>
<ownerDesignName>Barbershop Excellent</ownerDesignName>
<engineerTo>
<item key="F482A4B5-83A7-51C2-15C8-7A69CA016E9D" value="true"/>
</engineerTo>
<pk>true</pk>
<usedAttributes>
<attributeRef>A9AC0FE4-C83B-1030-6A80-CA47D594FCE2</attributeRef>
</usedAttributes>
</identifier>
</identifiers>
</Entity>