<?xml version = '1.0' encoding = 'UTF-8'?>
<Entity class="oracle.dbtools.crest.model.design.logical.Entity" directorySegmentName="seg_0" id="34800DDC-FA51-5EF1-ABE4-4CE5C188D22E" name="Salary">
<createdBy>nursu</createdBy>
<createdTime>2018-04-20 19:26:24 UTC</createdTime>
<ownerDesignName>Barbershop Excellent</ownerDesignName>
<engineerTo>
<item key="F482A4B5-83A7-51C2-15C8-7A69CA016E9D" value="true"/>
</engineerTo>
<adequatelyNormalized>NO</adequatelyNormalized>
<expectedVolumes>0</expectedVolumes>
<fwdEngineeringStrategyName>Single Table</fwdEngineeringStrategyName>
<growthPercent>0</growthPercent>
<growthType>Year</growthType>
<maxVolumes>9999999</maxVolumes>
<minVolumes>0</minVolumes>
<normalForm>Third</normalForm>
<attributes itemClass="oracle.dbtools.crest.model.design.logical.Attribute">
<Attribute name="salary_id" id="ECB5187E-FDEB-4B76-D30A-F060730FA831">
<createdBy>nursu</createdBy>
<createdTime>2018-05-25 12:17:10 UTC</createdTime>
<ownerDesignName>Barbershop Excellent</ownerDesignName>
<engineerTo>
<item key="F482A4B5-83A7-51C2-15C8-7A69CA016E9D" value="true"/>
</engineerTo>
<useDomainConstraints>false</useDomainConstraints>
<use>1</use>
<logicalDatatype>LOGDT011</logicalDatatype>
<ownDataTypeParameters>,,</ownDataTypeParameters>
</Attribute>
<Attribute name="employee id" id="E053B85D-035C-6E21-CDEB-CCAB3D32339F">
<createdBy>nursu</createdBy>
<createdTime>2018-04-20 19:28:04 UTC</createdTime>
<generatorID>1E891EB6-D910-585B-DBD1-2164F6F63191</generatorID>
<ownerDesignName>Barbershop Excellent</ownerDesignName>
<engineerTo>
<item key="F482A4B5-83A7-51C2-15C8-7A69CA016E9D" value="true"/>
</engineerTo>
<referedAttribute>3D59D21B-E575-5E07-01A8-4579825E5771</referedAttribute>
<useDomainConstraints>false</useDomainConstraints>
<use>1</use>
<logicalDatatype>LOGDT011</logicalDatatype>
<ownDataTypeParameters>,,</ownDataTypeParameters>
</Attribute>
<Attribute name="salary date" id="C279EBF4-D01F-53D1-5570-2183366B21A5">
<createdBy>nursu</createdBy>
<createdTime>2018-04-20 19:26:32 UTC</createdTime>
<ownerDesignName>Barbershop Excellent</ownerDesignName>
<engineerTo>
<item key="F482A4B5-83A7-51C2-15C8-7A69CA016E9D" value="true"/>
</engineerTo>
<useDomainConstraints>false</useDomainConstraints>
<use>1</use>
<logicalDatatype>LOGDT007</logicalDatatype>
<ownDataTypeParameters>,,</ownDataTypeParameters>
</Attribute>
<Attribute name="salary sum" id="AB31F4D3-B547-A100-7CDC-A16781D3ED99">
<createdBy>nursu</createdBy>
<createdTime>2018-04-20 19:26:57 UTC</createdTime>
<ownerDesignName>Barbershop Excellent</ownerDesignName>
<engineerTo>
<item key="F482A4B5-83A7-51C2-15C8-7A69CA016E9D" value="true"/>
</engineerTo>
<useDomainConstraints>false</useDomainConstraints>
<use>1</use>
<logicalDatatype>LOGDT043</logicalDatatype>
<ownDataTypeParameters>,,</ownDataTypeParameters>
</Attribute>
<Attribute name="salary id" id="CB7E934B-2D0D-414A-0BFA-461D36A1A564">
<createdBy>nursu</createdBy>
<createdTime>2018-05-25 12:48:52 UTC</createdTime>
<generatorID>864FEABC-0BF2-7053-78FC-9FF9AA989F50</generatorID>
<ownerDesignName>Barbershop Excellent</ownerDesignName>
<engineerTo>
<item key="F482A4B5-83A7-51C2-15C8-7A69CA016E9D" value="true"/>
</engineerTo>
<useDomainConstraints>false</useDomainConstraints>
<use>1</use>
<logicalDatatype>LOGDT011</logicalDatatype>
<ownDataTypeParameters>,,</ownDataTypeParameters>
</Attribute>
</attributes>
<identifiers itemClass="oracle.dbtools.crest.model.design.logical.CandidateKey">
<identifier id="522972FD-F4C9-68C8-B699-AC07614697F4" name="Salary PK">
<createdBy>nursu</createdBy>
<createdTime>2018-04-20 19:26:49 UTC</createdTime>
<ownerDesignName>Barbershop Excellent</ownerDesignName>
<engineerTo>
<item key="F482A4B5-83A7-51C2-15C8-7A69CA016E9D" value="true"/>
</engineerTo>
<pk>true</pk>
<usedAttributes>
<attributeRef>CB7E934B-2D0D-414A-0BFA-461D36A1A564</attributeRef>
</usedAttributes>
</identifier>
</identifiers>
</Entity>