<?xml version = '1.0' encoding = 'UTF-8'?>
<Diagram class="oracle.dbtools.crest.swingui.logical.DPVLogical" name="Logical" id="02C11FEE-7144-F9A6-B388-6DA70D2C744E">
<createdBy>nursu</createdBy>
<modifiedBy>nursu</modifiedBy>
<createdTime>2018-04-20 16:32:55 UTC</createdTime>
<autoRoute>false</autoRoute>
<boxInbox>true</boxInbox>
<showLegend>false</showLegend>
<showLabels>false</showLabels>
<showRelAttributes>false</showRelAttributes>
<gridEnabled>false</gridEnabled>
<showGrid>false</showGrid>
<diagramColor>-1</diagramColor>
<display>false</display>
<notation>1</notation>
<objectViews>
<OView class="oracle.dbtools.crest.swingui.logical.TVEntity" oid="0A5130D2-3FCE-7516-045D-EB81B157FDEA" otype="Entity" vid="54EC5788-1BB7-9AD3-F576-EFB4A39B7FB9">
<hideElementsInCurrentOnly>false</hideElementsInCurrentOnly>
<bounds x="668" y="260" width="250" height="110"/>
</OView>
<OView class="oracle.dbtools.crest.swingui.logical.TVEntity" oid="102E3A3F-6478-0B27-C62C-BBB5074D268A" otype="Entity" vid="E361615C-823F-D158-8B0F-F68454E837C5">
<hideElementsInCurrentOnly>false</hideElementsInCurrentOnly>
<bounds x="32" y="44" width="253" height="138"/>
</OView>
<OView class="oracle.dbtools.crest.swingui.logical.TVEntity" oid="16F4867F-5B09-FAAE-D1E2-281644251868" otype="Entity" vid="BEF91572-8DF3-E8A1-2ABF-1B645614E9B4">
<hideElementsInCurrentOnly>false</hideElementsInCurrentOnly>
<bounds x="608" y="478" width="311" height="110"/>
</OView>
<OView class="oracle.dbtools.crest.swingui.logical.TVEntity" oid="2B40F27E-672D-5A12-C89C-A067350A389A" otype="Entity" vid="42441564-899B-94D9-3A39-ABA274FD3919">
<hideElementsInCurrentOnly>false</hideElementsInCurrentOnly>
<bounds x="458" y="34" width="265" height="161"/>
</OView>
<OView class="oracle.dbtools.crest.swingui.logical.TVEntity" oid="34800DDC-FA51-5EF1-ABE4-4CE5C188D22E" otype="Entity" vid="97A26E2B-10BF-23D9-8989-0D40FB0081BF">
<hideElementsInCurrentOnly>false</hideElementsInCurrentOnly>
<bounds x="250" y="458" width="273" height="144"/>
</OView>
<OView class="oracle.dbtools.crest.swingui.logical.TVEntity" oid="6E2105FF-E869-A66B-2538-E40865A19BDA" otype="Entity" vid="7680F37D-C167-72FB-230D-515DF889CB87">
<hideElementsInCurrentOnly>false</hideElementsInCurrentOnly>
<bounds x="350" y="254" width="236" height="110"/>
</OView>
<OView class="oracle.dbtools.crest.swingui.logical.TVEntity" oid="A5114CC7-2F1B-781B-A026-2EAB8DC2947A" otype="Entity" vid="412C1B1D-A2CE-544D-1447-5CD6859E29E0">
<hideElementsInCurrentOnly>false</hideElementsInCurrentOnly>
<bounds x="919" y="25" width="285" height="164"/>
</OView>
<OView class="oracle.dbtools.crest.swingui.logical.TVEntity" oid="CAFA219E-B054-9361-6F86-8CBF7884A04F" otype="Entity" vid="8BCAADDC-4BC1-9CA0-DD6A-F940F466C9E2">
<hideElementsInCurrentOnly>false</hideElementsInCurrentOnly>
<bounds x="9" y="468" width="209" height="166"/>
</OView>
</objectViews>
<connectors>
<Connector class="oracle.dbtools.crest.swingui.logical.TVRelation" oid="1E891EB6-D910-585B-DBD1-2164F6F63191" otype="Relation" vid_source="7680F37D-C167-72FB-230D-515DF889CB87" vid_target="97A26E2B-10BF-23D9-8989-0D40FB0081BF">
<hideElementsInCurrentOnly>false</hideElementsInCurrentOnly>
<backgroundColor>-16777216</backgroundColor>
<lineWidth>1</lineWidth>
<points>
<point x="436" y="364"/>
<point x="436" y="458"/>
</points>
</Connector>
<Connector class="oracle.dbtools.crest.swingui.logical.TVRelation" oid="48184F14-F1EA-311D-B57B-D4A428185F71" otype="Relation" vid_source="412C1B1D-A2CE-544D-1447-5CD6859E29E0" vid_target="42441564-899B-94D9-3A39-ABA274FD3919">
<hideElementsInCurrentOnly>false</hideElementsInCurrentOnly>
<backgroundColor>-16777216</backgroundColor>
<lineWidth>1</lineWidth>
<points>
<point x="919" y="111"/>
<point x="723" y="111"/>
</points>
</Connector>
<Connector class="oracle.dbtools.crest.swingui.logical.TVRelation" oid="77669AD2-8881-CD64-2A20-324A220B14D5" otype="Relation" vid_source="E361615C-823F-D158-8B0F-F68454E837C5" vid_target="8BCAADDC-4BC1-9CA0-DD6A-F940F466C9E2">
<hideElementsInCurrentOnly>false</hideElementsInCurrentOnly>
<backgroundColor>-16777216</backgroundColor>
<lineWidth>1</lineWidth>
<points>
<point x="125" y="182"/>
<point x="125" y="468"/>
</points>
</Connector>
<Connector class="oracle.dbtools.crest.swingui.logical.TVRelation" oid="96AFF55B-094C-33E9-6757-9C338A2EE30F" otype="Relation" vid_source="E361615C-823F-D158-8B0F-F68454E837C5" vid_target="42441564-899B-94D9-3A39-ABA274FD3919">
<hideElementsInCurrentOnly>false</hideElementsInCurrentOnly>
<backgroundColor>-16777216</backgroundColor>
<lineWidth>1</lineWidth>
<points>
<point x="285" y="113"/>
<point x="458" y="113"/>
</points>
</Connector>
<Connector class="oracle.dbtools.crest.swingui.logical.TVRelation" oid="D0FBE84D-A7FE-7515-D7B3-F1043A37F9E6" otype="Relation" vid_source="7680F37D-C167-72FB-230D-515DF889CB87" vid_target="42441564-899B-94D9-3A39-ABA274FD3919">
<hideElementsInCurrentOnly>false</hideElementsInCurrentOnly>
<backgroundColor>-16777216</backgroundColor>
<lineWidth>1</lineWidth>
<points>
<point x="522" y="254"/>
<point x="522" y="195"/>
</points>
</Connector>
<Connector class="oracle.dbtools.crest.swingui.logical.TVRelation" oid="E6461A8A-BBAF-D737-05FB-21CAC1B8BC8A" otype="Relation" vid_source="54EC5788-1BB7-9AD3-F576-EFB4A39B7FB9" vid_target="42441564-899B-94D9-3A39-ABA274FD3919">
<hideElementsInCurrentOnly>false</hideElementsInCurrentOnly>
<backgroundColor>-16777216</backgroundColor>
<lineWidth>1</lineWidth>
<points>
<point x="695" y="260"/>
<point x="695" y="195"/>
</points>
</Connector>
<Connector class="oracle.dbtools.crest.swingui.logical.TVRelation" oid="FA9BF97E-43B3-E77A-7293-5C84FFA8EF49" otype="Relation" vid_source="7680F37D-C167-72FB-230D-515DF889CB87" vid_target="BEF91572-8DF3-E8A1-2ABF-1B645614E9B4">
<hideElementsInCurrentOnly>false</hideElementsInCurrentOnly>
<backgroundColor>-16777216</backgroundColor>
<lineWidth>1</lineWidth>
<points>
<point x="540" y="364"/>
<point x="690" y="478"/>
</points>
</Connector>
</connectors>
</Diagram>