<?xml version = '1.0' encoding = 'UTF-8'?>
<Diagram class="oracle.dbtools.crest.swingui.logical.DPVLogicalSubView" name="Barbershop_Logical_Model" id="B7D52BB0-14B8-89D9-9876-93243ADE528E">
<createdBy>nursu</createdBy>
<modifiedBy>nursu</modifiedBy>
<createdTime>2018-04-20 16:33:06 UTC</createdTime>
<autoRoute>false</autoRoute>
<boxInbox>true</boxInbox>
<showLegend>false</showLegend>
<showLabels>false</showLabels>
<showRelAttributes>false</showRelAttributes>
<gridEnabled>false</gridEnabled>
<showGrid>false</showGrid>
<diagramColor>-1</diagramColor>
<display>false</display>
<notation>1</notation>
<objectViews>
<OView class="oracle.dbtools.crest.swingui.logical.TVEntity" oid="0A5130D2-3FCE-7516-045D-EB81B157FDEA" otype="Entity" vid="2AFB07BF-9872-FAA2-BB9A-B76C0053F3D1">
<hideElementsInCurrentOnly>false</hideElementsInCurrentOnly>
<bounds x="629" y="286" width="170" height="110"/>
</OView>
<OView class="oracle.dbtools.crest.swingui.logical.TVEntity" oid="102E3A3F-6478-0B27-C62C-BBB5074D268A" otype="Entity" vid="4AA5B571-8CDD-DD59-DA86-D67FD98EE61A">
<hideElementsInCurrentOnly>false</hideElementsInCurrentOnly>
<bounds x="49" y="35" width="170" height="110"/>
</OView>
<OView class="oracle.dbtools.crest.swingui.logical.TVEntity" oid="16F4867F-5B09-FAAE-D1E2-281644251868" otype="Entity" vid="111FF88C-D9C9-46C1-1DAE-29D4E673DA15">
<hideElementsInCurrentOnly>false</hideElementsInCurrentOnly>
<bounds x="521" y="498" width="170" height="110"/>
</OView>
<OView class="oracle.dbtools.crest.swingui.logical.TVEntity" oid="2B40F27E-672D-5A12-C89C-A067350A389A" otype="Entity" vid="00D6CA3D-03A2-75C6-8DA8-9399859989D1">
<hideElementsInCurrentOnly>false</hideElementsInCurrentOnly>
<bounds x="478" y="28" width="227" height="110"/>
</OView>
<OView class="oracle.dbtools.crest.swingui.logical.TVEntity" oid="34800DDC-FA51-5EF1-ABE4-4CE5C188D22E" otype="Entity" vid="49F1A4C6-530D-1BC4-E5E2-ECEF2997D7C7">
<hideElementsInCurrentOnly>false</hideElementsInCurrentOnly>
<bounds x="295" y="501" width="170" height="110"/>
</OView>
<OView class="oracle.dbtools.crest.swingui.logical.TVEntity" oid="6E2105FF-E869-A66B-2538-E40865A19BDA" otype="Entity" vid="FF91FCB6-AE1F-DA69-7F09-087E7FAD0617">
<hideElementsInCurrentOnly>false</hideElementsInCurrentOnly>
<bounds x="385" y="286" width="170" height="110"/>
</OView>
<OView class="oracle.dbtools.crest.swingui.logical.TVEntity" oid="A5114CC7-2F1B-781B-A026-2EAB8DC2947A" otype="Entity" vid="BF1E55EF-87C0-EC0C-FE15-F493BD27494F">
<hideElementsInCurrentOnly>false</hideElementsInCurrentOnly>
<bounds x="944" y="24" width="170" height="178"/>
</OView>
<OView class="oracle.dbtools.crest.swingui.logical.TVEntity" oid="CAFA219E-B054-9361-6F86-8CBF7884A04F" otype="Entity" vid="322410CE-4C6F-071C-3026-309621D1C4D1">
<hideElementsInCurrentOnly>false</hideElementsInCurrentOnly>
<bounds x="39" y="482" width="170" height="110"/>
</OView>
</objectViews>
<connectors>
<Connector class="oracle.dbtools.crest.swingui.logical.TVRelation" oid="1E891EB6-D910-585B-DBD1-2164F6F63191" otype="Relation" vid_source="FF91FCB6-AE1F-DA69-7F09-087E7FAD0617" vid_target="49F1A4C6-530D-1BC4-E5E2-ECEF2997D7C7">
<hideElementsInCurrentOnly>false</hideElementsInCurrentOnly>
<backgroundColor>-16777216</backgroundColor>
<lineWidth>1</lineWidth>
<points>
<point x="412" y="396"/>
<point x="412" y="611"/>
</points>
</Connector>
<Connector class="oracle.dbtools.crest.swingui.logical.TVRelation" oid="48184F14-F1EA-311D-B57B-D4A428185F71" otype="Relation" vid_source="BF1E55EF-87C0-EC0C-FE15-F493BD27494F" vid_target="00D6CA3D-03A2-75C6-8DA8-9399859989D1">
<hideElementsInCurrentOnly>false</hideElementsInCurrentOnly>
<backgroundColor>-16777216</backgroundColor>
<lineWidth>1</lineWidth>
</Connector>
<Connector class="oracle.dbtools.crest.swingui.logical.TVRelation" oid="77669AD2-8881-CD64-2A20-324A220B14D5" otype="Relation" vid_source="4AA5B571-8CDD-DD59-DA86-D67FD98EE61A" vid_target="322410CE-4C6F-071C-3026-309621D1C4D1">
<hideElementsInCurrentOnly>false</hideElementsInCurrentOnly>
<backgroundColor>-16777216</backgroundColor>
<lineWidth>1</lineWidth>
<points>
<point x="144" y="145"/>
<point x="144" y="482"/>
</points>
</Connector>
<Connector class="oracle.dbtools.crest.swingui.logical.TVRelation" oid="96AFF55B-094C-33E9-6757-9C338A2EE30F" otype="Relation" vid_source="4AA5B571-8CDD-DD59-DA86-D67FD98EE61A" vid_target="00D6CA3D-03A2-75C6-8DA8-9399859989D1">
<hideElementsInCurrentOnly>false</hideElementsInCurrentOnly>
<backgroundColor>-16777216</backgroundColor>
<lineWidth>1</lineWidth>
<points>
<point x="219" y="122"/>
<point x="478" y="122"/>
</points>
</Connector>
<Connector class="oracle.dbtools.crest.swingui.logical.TVRelation" oid="D0FBE84D-A7FE-7515-D7B3-F1043A37F9E6" otype="Relation" vid_source="FF91FCB6-AE1F-DA69-7F09-087E7FAD0617" vid_target="00D6CA3D-03A2-75C6-8DA8-9399859989D1">
<hideElementsInCurrentOnly>false</hideElementsInCurrentOnly>
<backgroundColor>-16777216</backgroundColor>
<lineWidth>1</lineWidth>
<points>
<point x="385" y="287"/>
<point x="478" y="138"/>
</points>
</Connector>
<Connector class="oracle.dbtools.crest.swingui.logical.TVRelation" oid="E6461A8A-BBAF-D737-05FB-21CAC1B8BC8A" otype="Relation" vid_source="2AFB07BF-9872-FAA2-BB9A-B76C0053F3D1" vid_target="00D6CA3D-03A2-75C6-8DA8-9399859989D1">
<hideElementsInCurrentOnly>false</hideElementsInCurrentOnly>
<backgroundColor>-16777216</backgroundColor>
<lineWidth>1</lineWidth>
<points>
<point x="629" y="311"/>
<point x="478" y="138"/>
</points>
</Connector>
<Connector class="oracle.dbtools.crest.swingui.logical.TVRelation" oid="FA9BF97E-43B3-E77A-7293-5C84FFA8EF49" otype="Relation" vid_source="FF91FCB6-AE1F-DA69-7F09-087E7FAD0617" vid_target="111FF88C-D9C9-46C1-1DAE-29D4E673DA15">
<hideElementsInCurrentOnly>false</hideElementsInCurrentOnly>
<backgroundColor>-16777216</backgroundColor>
<lineWidth>1</lineWidth>
<points>
<point x="525" y="396"/>
<point x="525" y="608"/>
</points>
</Connector>
</connectors>
<displays>
<Display class="oracle.dbtools.crest.swingui.logical.DPVLogicalSubView" name="Barbershop" id="357964C6-7832-2784-8662-3DB73822F882">
<createdBy>nursu</createdBy>
<modifiedBy>nursu</modifiedBy>
<createdTime>2018-04-20 23:07:48 UTC</createdTime>
<autoRoute>false</autoRoute>
<boxInbox>true</boxInbox>
<showLegend>false</showLegend>
<showLabels>true</showLabels>
<showRelAttributes>true</showRelAttributes>
<gridEnabled>false</gridEnabled>
<showGrid>false</showGrid>
<diagramColor>-1</diagramColor>
<display>true</display>
<notation>1</notation>
<objectViews>
<OView class="oracle.dbtools.crest.swingui.logical.TVEntity" oid="0A5130D2-3FCE-7516-045D-EB81B157FDEA" otype="Entity" vid="2DD5EEE4-F764-1AF6-ECD9-B3E418F0D688">
<hideElementsInCurrentOnly>false</hideElementsInCurrentOnly>
<bounds x="632" y="289" width="170" height="110"/>
</OView>
<OView class="oracle.dbtools.crest.swingui.logical.TVEntity" oid="102E3A3F-6478-0B27-C62C-BBB5074D268A" otype="Entity" vid="D344201C-B22E-BBA8-4AD2-EE98F1AC2EBB">
<hideElementsInCurrentOnly>false</hideElementsInCurrentOnly>
<bounds x="49" y="35" width="170" height="110"/>
</OView>
<OView class="oracle.dbtools.crest.swingui.logical.TVEntity" oid="16F4867F-5B09-FAAE-D1E2-281644251868" otype="Entity" vid="839CED7B-ACCA-663B-2DA4-1BED0B52AA80">
<hideElementsInCurrentOnly>false</hideElementsInCurrentOnly>
<bounds x="521" y="498" width="170" height="110"/>
</OView>
<OView class="oracle.dbtools.crest.swingui.logical.TVEntity" oid="2B40F27E-672D-5A12-C89C-A067350A389A" otype="Entity" vid="C1DFBBC4-1A93-C38C-289C-2702ADEA4A01">
<hideElementsInCurrentOnly>false</hideElementsInCurrentOnly>
<bounds x="478" y="28" width="227" height="110"/>
</OView>
<OView class="oracle.dbtools.crest.swingui.logical.TVEntity" oid="34800DDC-FA51-5EF1-ABE4-4CE5C188D22E" otype="Entity" vid="675B11DF-D6A5-48A9-B9C8-F256D797A7B6">
<hideElementsInCurrentOnly>false</hideElementsInCurrentOnly>
<bounds x="295" y="501" width="170" height="110"/>
</OView>
<OView class="oracle.dbtools.crest.swingui.logical.TVEntity" oid="6E2105FF-E869-A66B-2538-E40865A19BDA" otype="Entity" vid="07197D02-30C8-5547-99D0-16F035716EB8">
<hideElementsInCurrentOnly>false</hideElementsInCurrentOnly>
<bounds x="385" y="286" width="170" height="110"/>
</OView>
<OView class="oracle.dbtools.crest.swingui.logical.TVEntity" oid="A5114CC7-2F1B-781B-A026-2EAB8DC2947A" otype="Entity" vid="394EDDEB-44A9-A8D8-CD3A-1DD597A413AF">
<hideElementsInCurrentOnly>false</hideElementsInCurrentOnly>
<bounds x="944" y="24" width="170" height="178"/>
</OView>
<OView class="oracle.dbtools.crest.swingui.logical.TVEntity" oid="CAFA219E-B054-9361-6F86-8CBF7884A04F" otype="Entity" vid="74731FE8-742D-0CB3-52C4-45F50498BBA0">
<hideElementsInCurrentOnly>false</hideElementsInCurrentOnly>
<bounds x="61" y="353" width="170" height="110"/>
</OView>
</objectViews>
<connectors>
<Connector class="oracle.dbtools.crest.swingui.logical.TVRelation" oid="1E891EB6-D910-585B-DBD1-2164F6F63191" otype="Relation" vid_source="07197D02-30C8-5547-99D0-16F035716EB8" vid_target="675B11DF-D6A5-48A9-B9C8-F256D797A7B6">
<hideElementsInCurrentOnly>false</hideElementsInCurrentOnly>
<backgroundColor>-16777216</backgroundColor>
<lineWidth>1</lineWidth>
<targetLabel class="oracle.dbtools.crest.model.design.Label">
<site>2</site>
<labelBounds x="346" y="466" width="70" height="30"/>
<noBackgroundColor>true</noBackgroundColor>
<noForegroundColor>true</noForegroundColor>
</targetLabel>
<points>
<point x="425" y="396"/>
<point x="425" y="501"/>
</points>
</Connector>
<Connector class="oracle.dbtools.crest.swingui.logical.TVRelation" oid="48184F14-F1EA-311D-B57B-D4A428185F71" otype="Relation" vid_source="394EDDEB-44A9-A8D8-CD3A-1DD597A413AF" vid_target="C1DFBBC4-1A93-C38C-289C-2702ADEA4A01">
<hideElementsInCurrentOnly>false</hideElementsInCurrentOnly>
<backgroundColor>-16777216</backgroundColor>
<lineWidth>1</lineWidth>
<sourceLabel class="oracle.dbtools.crest.model.design.Label">
<site>0</site>
<labelBounds x="843" y="53" width="95" height="30"/>
<noBackgroundColor>true</noBackgroundColor>
<noForegroundColor>true</noForegroundColor>
</sourceLabel>
<points>
<point x="944" y="83"/>
<point x="705" y="83"/>
</points>
</Connector>
<Connector class="oracle.dbtools.crest.swingui.logical.TVRelation" oid="77669AD2-8881-CD64-2A20-324A220B14D5" otype="Relation" vid_source="D344201C-B22E-BBA8-4AD2-EE98F1AC2EBB" vid_target="74731FE8-742D-0CB3-52C4-45F50498BBA0">
<hideElementsInCurrentOnly>false</hideElementsInCurrentOnly>
<backgroundColor>-16777216</backgroundColor>
<lineWidth>1</lineWidth>
<sourceLabel class="oracle.dbtools.crest.model.design.Label">
<site>0</site>
<labelBounds x="155" y="213" width="68" height="30"/>
<noBackgroundColor>true</noBackgroundColor>
<noForegroundColor>true</noForegroundColor>
</sourceLabel>
<points>
<point x="155" y="145"/>
<point x="155" y="353"/>
</points>
</Connector>
<Connector class="oracle.dbtools.crest.swingui.logical.TVRelation" oid="96AFF55B-094C-33E9-6757-9C338A2EE30F" otype="Relation" vid_source="D344201C-B22E-BBA8-4AD2-EE98F1AC2EBB" vid_target="C1DFBBC4-1A93-C38C-289C-2702ADEA4A01">
<hideElementsInCurrentOnly>false</hideElementsInCurrentOnly>
<backgroundColor>-16777216</backgroundColor>
<lineWidth>1</lineWidth>
<sourceLabel class="oracle.dbtools.crest.model.design.Label">
<site>0</site>
<labelBounds x="229" y="56" width="138" height="30"/>
<noBackgroundColor>true</noBackgroundColor>
<noForegroundColor>true</noForegroundColor>
</sourceLabel>
<points>
<point x="219" y="86"/>
<point x="478" y="86"/>
</points>
</Connector>
<Connector class="oracle.dbtools.crest.swingui.logical.TVRelation" oid="D0FBE84D-A7FE-7515-D7B3-F1043A37F9E6" otype="Relation" vid_source="07197D02-30C8-5547-99D0-16F035716EB8" vid_target="C1DFBBC4-1A93-C38C-289C-2702ADEA4A01">
<hideElementsInCurrentOnly>false</hideElementsInCurrentOnly>
<backgroundColor>-16777216</backgroundColor>
<lineWidth>1</lineWidth>
<sourceLabel class="oracle.dbtools.crest.model.design.Label">
<site>0</site>
<labelBounds x="419" y="251" width="106" height="30"/>
<noBackgroundColor>true</noBackgroundColor>
<noForegroundColor>true</noForegroundColor>
</sourceLabel>
<points>
<point x="516" y="286"/>
<point x="516" y="138"/>
</points>
</Connector>
<Connector class="oracle.dbtools.crest.swingui.logical.TVRelation" oid="E6461A8A-BBAF-D737-05FB-21CAC1B8BC8A" otype="Relation" vid_source="2DD5EEE4-F764-1AF6-ECD9-B3E418F0D688" vid_target="C1DFBBC4-1A93-C38C-289C-2702ADEA4A01">
<hideElementsInCurrentOnly>false</hideElementsInCurrentOnly>
<backgroundColor>-16777216</backgroundColor>
<lineWidth>1</lineWidth>
<sourceLabel class="oracle.dbtools.crest.model.design.Label">
<site>0</site>
<labelBounds x="554" y="254" width="140" height="30"/>
<noBackgroundColor>true</noBackgroundColor>
<noForegroundColor>true</noForegroundColor>
</sourceLabel>
<points>
<point x="668" y="289"/>
<point x="668" y="138"/>
</points>
</Connector>
<Connector class="oracle.dbtools.crest.swingui.logical.TVRelation" oid="FA9BF97E-43B3-E77A-7293-5C84FFA8EF49" otype="Relation" vid_source="07197D02-30C8-5547-99D0-16F035716EB8" vid_target="839CED7B-ACCA-663B-2DA4-1BED0B52AA80">
<hideElementsInCurrentOnly>false</hideElementsInCurrentOnly>
<backgroundColor>-16777216</backgroundColor>
<lineWidth>1</lineWidth>
<targetLabel class="oracle.dbtools.crest.model.design.Label">
<site>2</site>
<labelBounds x="424" y="463" width="141" height="30"/>
<noBackgroundColor>true</noBackgroundColor>
<noForegroundColor>true</noForegroundColor>
</targetLabel>
<points>
<point x="538" y="396"/>
<point x="538" y="498"/>
</points>
</Connector>
</connectors>
</Display>
</displays>
</Diagram>